model,image,input_size,detections,best_class_id,best_label,best_confidence,best_left,best_top,best_right,best_bottom,preprocess_ms,inference_ms,total_ms,cpu_percent,pss_mb,rss_mb,model_size_mb,gpu_usage_percent,delegate
"yolo11n_320","376_jpg.rf.4be45b6bd889aa6e8432f712997e88dd.jpg",320,3,5,"107-cam-oto-khach-va-oto-tai",0.8550,375.6494,276.8877,395.4695,294.7623,37.7158,174.3981,215.1693,111.5312,164.7344,208.5156,10.1063,,"CPU"
"yolo11n_320","4_mp4-0002_jpg.rf.378ddc9a1b8edabcf6883c5a72b0e80d.jpg",320,1,45,"301d-cac-xe-chi-duoc-re-phai-2",0.9553,385.3840,64.7968,530.5889,147.8141,37.2087,172.6503,213.1988,113.4998,166.2900,209.9180,10.1063,,"CPU"
"yolo11n_320","4_mp4-0065_jpg.rf.4a889c6bd7bfa8515b55bae6d21a9858.jpg",320,1,45,"301d-cac-xe-chi-duoc-re-phai-2",0.9720,466.5132,49.7655,617.2212,134.6823,37.4216,176.8214,217.5251,113.0786,167.7207,211.5234,10.1063,,"CPU"
"yolo11n_320","4_mp4-0079_jpg.rf.7bb0baec5c447fec393734ddc09eba72.jpg",320,1,45,"301d-cac-xe-chi-duoc-re-phai-2",0.9752,456.3092,58.1317,608.2054,143.9282,37.1367,176.4007,217.6520,114.3906,169.3203,212.9961,10.1063,,"CPU"
"yolo11n_320","517_jpg.rf.3365e9d3f7787c53d4f330c9317b2c3d.jpg",320,1,30,"137-cam-re-trai-va-re-phai",0.9054,362.9464,116.8424,393.7120,166.3769,37.5038,184.0610,225.1984,117.2196,170.5430,214.6016,10.1063,,"CPU"
"yolo11n_320","6432930985452_mp4-0006_jpg.rf.2a8f28c40fd6ecda3333caa0532c516f.jpg",320,2,33,"205-duong-giao-nhau",0.7962,319.5968,206.8929,397.8807,250.0178,37.3482,177.8834,218.5617,112.5428,172.3389,216.0156,10.1063,,"CPU"
"yolo11n_320","6432941026760_mp4-0002_jpg.rf.a3ad0991ac8035a20fec19321776f20e.jpg",320,1,39,"225-chu-y-tre-em",0.8478,87.6674,301.1774,140.4590,330.1695,42.2868,178.1271,226.0372,129.6014,157.9980,202.1719,10.1063,,"CPU"
"yolo11n_320","6432944636915_mp4-0028_jpg.rf.e2faf3f5559fde6bf98d92b08f8df413.jpg",320,3,35,"208-giao-nhau-voi-duong-uu-tien",0.8314,495.9558,318.4756,545.1764,347.2867,37.0648,176.1798,216.7381,112.5678,159.9639,203.8281,10.1063,,"CPU"
"yolo11n_320","6438222152829_mp4-0073_jpg.rf.821d491f7ae20e69e29ea8667ad15bf4.jpg",320,1,18,"127-toc-do-toi-da-70",0.9698,317.5959,261.6425,366.6760,289.7771,37.8624,177.9165,220.0077,116.8011,161.3320,205.0508,10.1063,,"CPU"
"yolo11n_320","6438222152829_mp4-0115_jpg.rf.9ecc4398589661778243262d2d7b58a7.jpg",320,1,18,"127-toc-do-toi-da-70",0.9140,81.1733,306.0532,127.9416,333.7158,37.0047,174.0415,214.1018,114.4240,162.7627,206.9844,10.1063,,"CPU"
"yolo11n_320","7_jpg.rf.fc20b3103435b9baf0d1537e5b75d37e.jpg",320,2,30,"137-cam-re-trai-va-re-phai",0.9608,0.0000,250.0876,22.2123,297.0654,37.2904,176.6048,217.0744,113.7770,164.3535,208.1914,10.1063,,"CPU"
"yolo11n_320","812_jpg.rf.9042caec1c9cb13ffd30654e9ef12a6f.jpg",320,2,23,"131a-cam-do-xe",0.6788,434.2564,204.5791,456.6446,241.1138,37.6048,173.0185,214.2970,112.9145,165.9424,209.7813,10.1063,,"CPU"
"yolo11n_320","8_jpg.rf.2f29afa5c73f30e6db9c8febb349fdd5.jpg",320,4,30,"137-cam-re-trai-va-re-phai",0.9021,27.5650,207.3852,59.7022,260.0875,37.5021,174.3689,215.2504,116.1356,167.1377,211.6250,10.1063,,"CPU"
"yolo11n_320","946_jpg.rf.adbd2325400dbee2acc362c831534168.jpg",320,2,57,"442-cho",0.9496,406.8635,349.1758,430.6972,387.1200,37.4597,176.6943,217.2295,113.2374,168.8174,212.9414,10.1063,,"CPU"
"yolo11n_320","986_jpg.rf.fb6f79659a343c46b133dd894286529e.jpg",320,4,37,"221-duong-go-ghe",0.9031,589.6100,247.7359,622.0400,288.2263,37.4106,177.6794,218.3106,112.2188,170.0557,214.2461,10.1063,,"CPU"
"yolo11n_320","A-nh-ma-n-hi-nh-2025-03-23-lu-c-00_00_38_png.rf.33d0b8be20a15121992d6c781612db26.jpg",320,1,29,"136-cam-di-thang",0.9670,25.7017,117.2264,149.3426,299.0151,37.1543,172.9298,213.3889,113.8702,171.8682,215.8711,10.1063,,"CPU"
"yolo11n_320","Eddy2612-online-video-cutter_com-_mp4-0087_jpg.rf.a8b63de290830a8a569ab9b94e8c6b56.jpg",320,1,13,"127-toc-do-toi-da-20",0.8932,278.4376,128.2461,375.7215,185.7953,41.4378,172.3498,217.3566,132.4937,166.9229,210.8750,10.1063,,"CPU"
"yolo11n_320","Ghi-Ma-n-hi-nh-2025-03-23-lu-c-22_08_05_mov-0054_jpg.rf.8210917d1062e06e013d0cd56a0af732.jpg",320,1,49,"303-noi-giao-nhau-chay-theo-vong-xuyen",0.9893,192.8326,25.6953,447.6739,348.6200,37.1618,173.6013,214.0203,120.0747,160.7119,204.8516,10.1063,,"CPU"
"yolo11n_320","Ghi-Ma-n-hi-nh-2025-03-23-lu-c-22_25_28_mov-0039_jpg.rf.c3dffa99ceeb2ccfac3193655497d12e.jpg",320,1,36,"209-giao-nhau-co-tin-hieu-den",0.9167,131.4229,116.7007,223.9999,255.0274,37.3116,171.9538,212.3374,120.5551,162.3613,206.2852,10.1063,,"CPU"
"yolo11n_320","Ghi-Ma-n-hi-nh-2025-03-23-lu-c-22_25_28_mov-0146_jpg.rf.e35fdd91170a46c9280260785119000e.jpg",320,1,36,"209-giao-nhau-co-tin-hieu-den",0.9162,131.4346,116.7874,223.9410,254.9979,37.3057,174.4605,214.8260,121.4861,164.1152,208.2070,10.1063,,"CPU"
"yolo11n_320","Ghi-Ma-n-hi-nh-2025-04-02-lu-c-14_04_42_mov-0017_jpg.rf.b635a1968c52972696572e13f5cf98d6.jpg",320,2,44,"301c-cac-xe-chi-duoc-re-trai",0.9738,23.3999,44.0156,309.8658,616.9290,37.1248,172.4974,213.0308,114.5316,165.3379,209.6172,10.1063,,"CPU"
"yolo11n_320","Ghi-Ma-n-hi-nh-2025-04-02-lu-c-15_06_54_mov-0123_jpg.rf.197f8c0a1a3c6ef7eca2eb4bc9b02e42.jpg",320,1,52,"420-bat-dau-khu-dong-dan-cu",0.9429,91.7225,246.0023,382.6754,383.4240,37.0909,177.4731,217.5273,119.9770,167.3457,211.4063,10.1063,,"CPU"
"yolo11n_320","Ghi-Ma-n-hi-nh-2025-04-02-lu-c-15_06_54_mov-0169_jpg.rf.ffb7a1764cbb0e63ccaa9eea360f6403.jpg",320,1,52,"420-bat-dau-khu-dong-dan-cu",0.9423,91.7000,246.0216,382.6496,383.4136,37.1637,173.4730,213.7520,116.9508,168.9199,212.7617,10.1063,,"CPU"
"yolo11n_320","Ghi-Ma-n-hi-nh-2025-04-02-lu-c-15_38_46_mov-0128_jpg.rf.611046171b0f3d2701b8a6a449f93d27.jpg",320,1,53,"421-ket-thuc-khu-dong-dan-cu",0.9811,464.3080,196.9570,618.7861,337.2364,37.0571,178.1013,218.2377,118.2132,170.9004,215.1055,10.1063,,"CPU"
"yolo11n_320","IMG_0493_jpeg.rf.3ae39d1297e3e1de25b07f168e79bc36.jpg",320,0,-1,"",0.0000,0.0000,0.0000,0.0000,0.0000,41.5287,171.9553,218.3207,131.8990,165.6426,209.9414,10.1063,,"CPU"
"yolo11n_320","IMG_4007-MOV_out0082_png.rf.7bbdf7cb3b519eb3ae5d2c2185311585.jpg",320,3,0,"102-cam-di-nguoc-chieu",0.9497,39.1864,187.4617,77.9564,264.7522,37.1472,175.1240,215.5485,119.2245,160.3848,204.3594,10.1063,,"CPU"
"yolo11n_320","IMG_4024-MOV_out0253_png.rf.503a4c4d1be9d04bb29a2d681fd63cf8.jpg",320,4,0,"102-cam-di-nguoc-chieu",0.9172,232.6885,438.0922,252.3435,484.7064,37.1001,171.2292,211.7593,118.9956,162.1855,205.9531,10.1063,,"CPU"
"yolo11n_320","IMG_4028-MOV_out0011_png.rf.a99e3f8eb0f391dc63d04a13f66c7d92.jpg",320,3,17,"127-toc-do-toi-da-60",0.9737,369.6900,112.8910,421.2468,203.2534,37.1782,172.6006,213.1841,117.7320,163.9746,207.8945,10.1063,,"CPU"
"yolo11n_320","IMG_4032-MOV_out0046_png.rf.2ee7f103233cddca5730e99df4bb569a.jpg",320,4,40,"227-cong-truong",0.9723,241.6768,427.7765,310.6068,531.7755,37.2241,172.9032,213.8667,119.2263,165.4531,209.5313,10.1063,,"CPU"
"yolo11n_320","IMG_4041-MOV_out0020_png.rf.91d13da17f2f3d6f9c8ffdd204463ac2.jpg",320,1,31,"201-cho-ngoat-nguy-hiem",0.7240,139.7079,218.4207,219.0294,344.5303,37.3243,170.6328,210.9808,117.5393,167.0605,211.4492,10.1063,,"CPU"
"yolo11n_320","IMG_4047-MOV_out0012_png.rf.09ca70977f0bc67b6fa6c76255a2f296.jpg",320,5,34,"207-giao-nhau-voi-duong-khong-uu-tien",0.7440,203.3240,254.2890,243.2218,310.8016,38.1270,172.5385,214.0164,125.6823,169.2832,213.2891,10.1063,,"CPU"
"yolo11n_320","IMG_4049-MOV_out0023_png.rf.176dec9b6c99c3073e95282376af54d4.jpg",320,5,22,"130-cam-dung-va-do-xe",0.9855,135.6801,59.5755,201.2291,171.4874,36.9071,171.8155,211.9718,118.4049,170.7627,214.9297,10.1063,,"CPU"
"yolo11n_320","IMG_4051-MOV_out0049_png.rf.0cdced0af44df2b18e13adfddda976bb.jpg",320,1,41,"245-di-cham",0.9937,245.4529,153.5731,337.4106,292.2882,37.1145,171.4271,212.2703,121.0630,172.7939,217.0156,10.1063,,"CPU"
"yolo11n_320","IMG_4051-MOV_out0052_png.rf.c7fb9ae66a6356120ecff9f0903bb4a1.jpg",320,1,41,"245-di-cham",0.9804,326.1787,126.4858,405.6421,252.2201,40.7273,172.8759,216.6969,123.6675,168.7002,212.6367,10.1063,,"CPU"
"yolo11n_320","IMG_4052-MOV_out0095_png.rf.cd837ddfd7779c6029cf8843e67a522d.jpg",320,1,31,"201-cho-ngoat-nguy-hiem",0.7281,255.3575,255.8467,288.5677,304.6870,37.1123,171.8424,212.0226,116.9622,160.9932,205.1055,10.1063,,"CPU"
"yolo11n_320","IMG_4055-MOV_out0002_png.rf.94c5ef6aa29fbe4784d4de3f78f2b683.jpg",320,3,16,"127-toc-do-toi-da-50",0.9762,216.1870,135.0581,281.2903,246.5307,37.2766,171.5645,212.3153,122.4520,162.7979,206.8828,10.1063,,"CPU"
"yolo11n_320","IMG_4063-MOV_out0014_png.rf.f12c9a9d9bc1a12865d7f0d9c2699bd2.jpg",320,2,48,"302a-huong-phai-di-vong-chuong-ngai-vat-1",0.9999,245.5084,281.4790,415.3607,579.5475,36.9799,171.6051,211.9504,117.4735,164.5986,208.6680,10.1063,,"CPU"
"yolo11n_320","IMG_4068-MOV_out0014_png.rf.46899b0d6413e15a0ae59681905e76ea.jpg",320,2,23,"131a-cam-do-xe",0.9204,449.2429,406.3571,469.0887,439.4775,37.1154,171.7909,211.9023,118.4436,166.2158,210.2656,10.1063,,"CPU"
"yolo11n_320","IMG_4088-MOV_out0008_png.rf.d90b9e2562e7f2317a06cd60967c20b2.jpg",320,1,22,"130-cam-dung-va-do-xe",0.9655,135.0323,200.0574,218.4655,345.5553,37.2108,172.3621,212.6963,122.7038,167.6924,211.9102,10.1063,,"CPU"
"yolo11n_320","IMG_4090-MOV_out0026_png.rf.878b7d031dda48c5609c1198ec6054fa.jpg",320,2,22,"130-cam-dung-va-do-xe",0.9647,242.8184,259.9083,324.1801,400.5425,37.1430,172.2483,212.5735,119.4810,169.6494,213.4570,10.1063,,"CPU"
"yolo11n_320","IMG_4090-MOV_out0027_png.rf.88dba89fb23debf0a97ce44daab9bfb2.jpg",320,2,22,"130-cam-dung-va-do-xe",0.9884,234.6919,207.4005,325.9490,359.0461,37.5380,172.6091,213.2905,119.5489,171.2666,215.2383,10.1063,,"CPU"
"yolo11n_320","IMG_4092-MOV_out0022_png.rf.713fb9936736c64cf149876cc11b2222.jpg",320,2,7,"123b-cam-re-phai",0.5615,90.1263,262.8621,220.1664,509.1322,37.8220,174.7756,218.0000,135.7667,158.1572,202.7578,10.1063,,"CPU"
"yolo11n_320","IMG_4094-MOV_out0042_png.rf.87f31848eb608dff4b9db2d8af1394c0.jpg",320,1,23,"131a-cam-do-xe",0.9081,280.4682,156.4355,419.2881,403.1174,37.1841,170.6146,210.8240,120.4722,160.3643,204.4297,10.1063,,"CPU"
"yolo11n_320","IMG_4102-MOV_out0004_png.rf.a8ff3f3168fed99a978b85593b5ae2d7.jpg",320,1,23,"131a-cam-do-xe",0.9173,78.5695,206.1945,222.1455,466.2772,37.0565,171.2747,211.3201,119.7168,162.1416,205.9922,10.1063,,"CPU"
"yolo11n_320","IMG_4112-MOV_out0033_png.rf.e613a1f06ff12b7a34f8ec255aeacb89.jpg",320,5,17,"127-toc-do-toi-da-60",0.9498,272.6832,142.1797,312.8546,211.1364,37.1621,172.4671,213.4265,122.2830,163.7744,207.9688,10.1063,,"CPU"
"yolo11n_320","IMG_4122-MOV_out0005_png.rf.1f4d23954e1988995727f1a64e6cbbbc.jpg",320,1,23,"131a-cam-do-xe",0.9729,288.4446,206.5345,358.6771,339.8633,37.4017,171.9693,213.1071,118.7110,165.4072,209.4141,10.1063,,"CPU"
"yolo11n_320","IMG_4122-MOV_out0064_png.rf.af462c333d954aee4ca15a655354abe5.jpg",320,1,23,"131a-cam-do-xe",0.8713,70.0298,324.7606,152.4135,458.2123,36.9875,176.2657,216.3860,118.2995,166.9834,211.1563,10.1063,,"CPU"
"yolo11n_320","IMG_4139-MOV_out0005_png.rf.97b28cd0c0f71780403c4b84d24d8a4a.jpg",320,2,39,"225-chu-y-tre-em",0.9013,294.0899,161.4253,343.4517,245.1426,37.3242,172.7528,213.2167,118.1828,169.1572,213.1133,10.1063,,"CPU"
"yolo11n_320","IMG_4146-MOV_out0029_png.rf.0daaf2020136bcd3f298eaf75ce59ef8.jpg",320,1,22,"130-cam-dung-va-do-xe",0.9124,103.5108,188.0309,135.1570,238.1991,37.0776,171.1849,211.2900,119.2607,170.6064,214.7266,10.1063,,"CPU"
"yolo11n_320","IMG_4153-MOV_out0027_png.rf.3b489fae87650e101d30d5c6a41cfc9f.jpg",320,4,16,"127-toc-do-toi-da-50",0.9726,443.8469,271.7727,494.1523,357.1375,37.0385,174.2644,217.0256,138.2171,157.7861,202.1719,10.1063,,"CPU"
"yolo11n_320","IMG_4156-MOV_out0004_png.rf.258de781248cb979aa7860533b259be6.jpg",320,1,8,"124a-cam-quay-dau-xe",0.9423,149.8687,266.1484,185.2848,325.4949,37.1922,172.3992,212.6302,121.3306,159.6416,204.0586,10.1063,,"CPU"
"yolo11n_320","IMG_4160-MOV_out0006_png.rf.d24a9a545520174ba55c97aecd39172b.jpg",320,2,22,"130-cam-dung-va-do-xe",0.9530,140.8660,221.9443,179.7595,284.1023,37.1077,170.5392,210.9166,120.4196,161.7822,205.8008,10.1063,,"CPU"
"yolo11n_320","IMG_4169-MOV_out0007_png.rf.2b7f1fe993d9f4ca54cf4c7d456f9a32.jpg",320,1,31,"201-cho-ngoat-nguy-hiem",0.9323,59.9673,60.5471,261.6384,374.7582,37.4000,172.5231,213.7593,124.8988,163.4111,207.3945,10.1063,,"CPU"
"yolo11n_320","IMG_4186-MOV_out0007_png.rf.1917a5c7b2cfe606bae80b1d817bf0f2.jpg",320,4,23,"131a-cam-do-xe",0.9220,183.3296,440.7706,227.7753,516.4150,37.1672,171.1902,211.5201,120.0761,165.0127,208.9883,10.1063,,"CPU"
"yolo11n_320","IMG_4200-MOV_out0029_png.rf.0fb9f2aa37e8780adb2e719bb0d542bf.jpg",320,2,36,"209-giao-nhau-co-tin-hieu-den",0.9595,47.9391,1.5246,350.5614,494.6504,37.0357,173.4586,213.6446,122.6271,166.8135,210.7656,10.1063,,"CPU"
"yolo11n_320","IMG_4215-MOV_out0030_png.rf.ee7ce2f58d7f466d4ac5f502e75f7226.jpg",320,1,33,"205-duong-giao-nhau",0.9808,374.6967,198.7419,426.4731,276.6153,37.2953,171.2371,211.7888,118.9790,168.6650,212.5820,10.1063,,"CPU"
"yolo11n_320","IMG_4215-MOV_out0062_png.rf.3674eafd2b4fdfccc3e09fc9b26e7975.jpg",320,2,48,"302a-huong-phai-di-vong-chuong-ngai-vat-1",0.9934,349.1580,400.2393,428.5063,539.7420,37.3978,173.0273,213.6826,119.7970,170.2588,213.9688,10.1063,,"CPU"
"yolo11n_320","IMG_4218-MOV_out0006_png.rf.e57c98fe37e1ee748a41cbcc0fe9e60e.jpg",320,5,48,"302a-huong-phai-di-vong-chuong-ngai-vat-1",0.9582,0.0000,449.1004,14.4134,476.6249,37.1070,173.1215,216.0383,136.0744,157.4385,201.5977,10.1063,,"CPU"
"yolo11n_320","MOV00728_mp4-0007_jpg.rf.9a2474f55178eaf5357d93dfbd910e22.jpg",320,1,53,"421-ket-thuc-khu-dong-dan-cu",0.9558,487.2894,54.5508,539.2924,145.2217,37.2126,170.5322,210.6733,118.6600,160.0205,203.8789,10.1063,,"CPU"
"yolo11n_320","MOV00732_mp4-0000_jpg.rf.b5cbb3eb96c921d963af9dcde7c08376.jpg",320,2,38,"224-duong-nguoi-di-bo-cat-ngang",0.5006,431.7930,112.1625,451.8863,142.9619,37.6140,172.0560,212.5790,128.8861,161.3135,205.3594,10.1063,,"CPU"
"yolo11n_320","NO20250629-160524-000060F_f01836_jpg.rf.e7d99b92332fab1542b1491d4f57523a.jpg",320,1,22,"130-cam-dung-va-do-xe",0.4458,1624.8025,761.5198,1696.9979,834.7366,38.0602,172.2292,213.0948,121.5368,181.0400,225.0664,10.1063,,"CPU"
"yolo11n_320","NO20250710-170649-000005F_f03588_jpg.rf.fe490bfaf5cd21106fe7a2a7b795521f.jpg",320,0,-1,"",0.0000,0.0000,0.0000,0.0000,0.0000,38.0610,171.8577,212.8103,119.8156,182.8291,226.9688,10.1063,,"CPU"
"yolo11n_320","NO20250712-170157-000088F_f00494_jpg.rf.c37edfad4641bfb747f5a2686ad5b113.jpg",320,0,-1,"",0.0000,0.0000,0.0000,0.0000,0.0000,37.8601,172.5471,213.1259,116.8252,181.1182,225.0508,10.1063,,"CPU"
"yolo11n_320","Tua-n-Khanh-1968-online-video-cutter_com-_mp4-0112_jpg.rf.8fce825012051f902d66d1dd19ef8bb7.jpg",320,1,14,"127-toc-do-toi-da-30",0.8637,283.1441,261.7160,329.1681,287.8399,37.4733,171.9914,212.4736,119.5258,161.1611,205.0703,10.1063,,"CPU"
"yolo11n_320","Tua-n-Khanh-1968-online-video-cutter_com-_mp4-0138_jpg.rf.e47a884fcd76e6cafb53643de1017bc6.jpg",320,1,14,"127-toc-do-toi-da-30",0.8978,325.0399,230.6257,384.8573,266.3464,37.4679,171.4115,211.9156,119.3817,162.9150,206.8125,10.1063,,"CPU"
"yolo11n_320","ch0_20250430101655_20250430101955_f00010_jpg.rf.4bc7057d8244b1093f3f7f474769dc97.jpg",320,0,-1,"",0.0000,0.0000,0.0000,0.0000,0.0000,37.4317,172.1995,212.4014,119.5766,171.1826,214.8750,10.1063,,"CPU"
"yolo11n_320","ch0_20250430101655_20250430101955_f01670_jpg.rf.d6ff095299d7c2bbf492f0669090f6a8.jpg",320,0,-1,"",0.0000,0.0000,0.0000,0.0000,0.0000,37.3886,171.0035,211.1176,117.4617,172.7314,216.5898,10.1063,,"CPU"
"yolo11n_320","ch0_20250430104659_20250430104959_f03726_jpg.rf.a0cb74e29a4566d78f3a43b41dfe7bd4.jpg",320,0,-1,"",0.0000,0.0000,0.0000,0.0000,0.0000,37.3827,173.3758,213.5054,118.9591,174.4854,218.3047,10.1063,,"CPU"
"yolo11n_320","ch0_20250430104659_20250430104959_f03780_jpg.rf.65565d95b7a5537f767c535dc4e16cd0.jpg",320,0,-1,"",0.0000,0.0000,0.0000,0.0000,0.0000,37.7459,171.5389,212.2338,120.6151,176.6963,220.6719,10.1063,,"CPU"
"yolo11n_320","ch0_20250430105000_20250430105300_f02826_jpg.rf.e2062c1fcdd3217b28a116cee3c45d2e.jpg",320,0,-1,"",0.0000,0.0000,0.0000,0.0000,0.0000,37.2783,172.4471,214.9744,135.3449,163.9658,208.1523,10.1063,,"CPU"
"yolo11n_320","ch0_20250430105300_20250430105600_f00252_jpg.rf.4f294a6511559e83c093a8303e3b864e.jpg",320,0,-1,"",0.0000,0.0000,0.0000,0.0000,0.0000,37.2957,173.5694,213.6227,123.5751,166.0244,210.2344,10.1063,,"CPU"
"yolo11n_320","ch0_20250430105300_20250430105600_f01818_jpg.rf.cf5f087c0b376cff623398bedca0f505.jpg",320,2,23,"131a-cam-do-xe",0.4802,1382.3120,607.9304,1428.3292,660.0237,37.4779,172.6303,214.0090,121.0175,168.0439,212.0430,10.1063,,"CPU"
"yolo11n_320","ch0_20250504150317_20250504150617_f01420_jpg.rf.e71c01097d00aafd575a2d1fa70714c9.jpg",320,1,0,"102-cam-di-nguoc-chieu",0.3268,892.1299,664.7001,916.8686,686.2612,37.4534,172.8766,213.1959,120.0719,169.6689,213.6328,10.1063,,"CPU"
"yolo11n_320","ch0_20250504150617_20250504150917_f03930_jpg.rf.68f5c2124f1b4f9e99953613121153c1.jpg",320,1,9,"124b-cam-oto-quay-dau-xe",0.3330,1156.9243,656.3128,1192.9629,693.1661,37.4778,172.4818,212.8139,117.9385,171.4111,215.1758,10.1063,,"CPU"
"yolo11n_320","ch0_20250504150917_20250504151217_f01340_jpg.rf.77fa98ad4dd622017e43de43df162dd2.jpg",320,2,0,"102-cam-di-nguoc-chieu",0.9373,545.2579,347.2449,661.0445,454.8058,37.3884,170.7660,211.2651,118.8021,173.0166,216.7578,10.1063,,"CPU"
"yolo11n_320","ch0_20250504150917_20250504151217_f03740_jpg.rf.d23464a0849d09491280af611f02aadb.jpg",320,0,-1,"",0.0000,0.0000,0.0000,0.0000,0.0000,37.6402,171.1204,211.5236,121.0187,174.6768,219.0664,10.1063,,"CPU"
"yolo11n_320","ch0_20250504151217_20250504151517_f00100_jpg.rf.e3c5eab93106bc5a40bd66dd23b80c50.jpg",320,2,48,"302a-huong-phai-di-vong-chuong-ngai-vat-1",0.9640,289.3961,350.5095,385.3855,474.5656,37.4111,171.1931,211.8796,119.8745,176.6221,220.7891,10.1063,,"CPU"
"yolo11n_320","ch0_20250504151217_20250504151517_f03230_jpg.rf.158925432bebc859c1d9f0759e35dcd1.jpg",320,2,48,"302a-huong-phai-di-vong-chuong-ngai-vat-1",0.9364,621.6801,444.8529,731.7640,557.4921,37.3397,173.4087,215.9936,134.7147,164.2432,208.7969,10.1063,,"CPU"
"yolo11n_320","ch0_20250504151217_20250504151517_f04150_jpg.rf.b5dbe1e170bf594d4a67270e3afb7c43.jpg",320,0,-1,"",0.0000,0.0000,0.0000,0.0000,0.0000,37.5290,171.7231,212.0618,118.8256,166.4893,210.6992,10.1063,,"CPU"
"yolo11n_320","ch0_20250504151517_20250504151817_f02950_jpg.rf.f9fb161c48ac277e3c4377828c449261.jpg",320,0,-1,"",0.0000,0.0000,0.0000,0.0000,0.0000,37.2668,174.0866,214.3310,117.1013,168.2354,212.2461,10.1063,,"CPU"
"yolo11n_320","ch0_20250504151817_20250504152117_f00860_jpg.rf.aed04b9771fccada2de65166143e3eb3.jpg",320,1,0,"102-cam-di-nguoc-chieu",0.3091,805.8499,654.1071,840.2646,681.9164,37.3681,179.7692,220.3007,142.0691,170.0283,214.1992,10.1063,,"CPU"
"yolo11n_320","ch0_20250504151817_20250504152117_f03560_jpg.rf.fdb8dfbec5d0bef191ce8293ab736fc9.jpg",320,7,50,"306-toc-do-toi-thieu-60",0.9656,1159.5103,225.2586,1272.4508,329.0036,37.4933,170.6870,211.5477,118.6439,171.8213,215.9766,10.1063,,"CPU"
"yolo11n_320","ch0_20250504154520_20250504154820_f02180_jpg.rf.33f076286bb1639912441813a8e67f2d.jpg",320,1,19,"127-toc-do-toi-da-80",0.8321,1304.5210,579.9776,1398.9186,675.9091,37.4797,172.2072,212.5288,122.8017,173.6299,217.7656,10.1063,,"CPU"
"yolo11n_320","ch0_20250504154520_20250504154820_f02830_jpg.rf.4ce52082b9c10ae58656589d07172f7d.jpg",320,1,56,"438-ket-thuc-duong-cao-toc",0.3734,1309.2653,110.4869,1366.7733,173.6409,37.6107,171.4426,211.8267,121.7918,175.5869,219.6914,10.1063,,"CPU"
"yolo11n_320","ch0_20250504163332_20250504163632_f02200_jpg.rf.d8084ac703bc068a0dda1e098fcc769e.jpg",320,4,48,"302a-huong-phai-di-vong-chuong-ngai-vat-1",0.9269,564.9000,475.6111,652.1573,564.0031,37.5873,172.5691,213.1965,121.4792,177.4463,221.5234,10.1063,,"CPU"
"yolo11n_320","ch0_20250504163332_20250504163632_f04020_jpg.rf.5fea7fffc3a908d01593f97b003a8404.jpg",320,0,-1,"",0.0000,0.0000,0.0000,0.0000,0.0000,41.5465,172.6746,219.5147,134.3724,164.7510,208.9727,10.1063,,"CPU"
"yolo11n_320","ch0_20250511151404_20250511151904_f02595_jpg.rf.d921c03cdea5fbba215a16bdfda74a5f.jpg",320,1,42,"301a-cac-xe-chi-duoc-di-thang",0.9310,1440.2333,246.3125,1561.2766,384.4254,37.4183,170.9448,211.5708,122.8850,166.6416,210.9063,10.1063,,"CPU"
"yolo11n_320","ch0_20250511152904_20250511153404_f01350_jpg.rf.095a607564ebd68f6172d7114a549455.jpg",320,1,3,"103c-cam-oto-re-trai",0.5418,1535.4218,475.5864,1596.0498,553.2435,37.5049,171.9764,212.3825,119.1185,168.5947,212.6445,10.1063,,"CPU"
"yolo11n_320","ch0_20250511153904_20250511154404_f02640_jpg.rf.a47a398c69b0b006451dac1cd622f542.jpg",320,2,48,"302a-huong-phai-di-vong-chuong-ngai-vat-1",0.9091,447.3319,613.9390,481.2843,660.7768,37.3908,172.4582,212.8654,120.7290,170.3916,214.5117,10.1063,,"CPU"
"yolo11n_320","ch0_20250511161258_20250511161758_f01807_jpg.rf.338d12bdbeda47bf65b2aaa154ccdc54.jpg",320,1,23,"131a-cam-do-xe",0.6472,1670.7349,508.3161,1710.8760,564.0186,37.7136,172.5279,213.7093,125.8664,172.5244,216.6367,10.1063,,"CPU"
"yolo11n_320","ch0_20250511161758_20250511162258_f03029_jpg.rf.e60388f056fd6de3298bc7058207e5f0.jpg",320,1,23,"131a-cam-do-xe",0.6157,1502.7745,493.3506,1555.5140,556.2105,37.8560,171.1438,211.9899,119.8099,174.1807,218.2617,10.1063,,"CPU"
"yolo11n_320","ch0_20250511163258_20250511163758_f05772_jpg.rf.dc078d52f13ec83aeca168a74000650f.jpg",320,0,-1,"",0.0000,0.0000,0.0000,0.0000,0.0000,37.5943,172.6456,213.1867,119.1363,175.6377,219.8828,10.1063,,"CPU"
"yolo11n_320","ch0_20250511163759_20250511164259_f05863_jpg.rf.207a395b469f8a7123bcb8a55f7dbde0.jpg",320,1,6,"123a-cam-re-trai",0.2667,591.8284,189.0550,682.1531,280.2291,37.5968,171.9477,213.0536,120.1510,177.5869,221.7383,10.1063,,"CPU"
"yolo11n_320","ch0_20250517125209_20250517125709_f01287_jpg.rf.125dce0ef81540ea0d3244f51213b4ca.jpg",320,0,-1,"",0.0000,0.0000,0.0000,0.0000,0.0000,41.7741,172.1226,217.4614,137.9480,174.7002,218.7070,10.1063,,"CPU"
"yolo11n_320","ch0_20250517125709_20250517130209_f01937_jpg.rf.c6f1222828b588ac2d440b15e1af0634.jpg",320,0,-1,"",0.0000,0.0000,0.0000,0.0000,0.0000,37.3702,172.5101,213.6093,121.2426,167.0596,211.4336,10.1063,,"CPU"
"yolo11n_320","ch0_20250517125709_20250517130209_f01989_jpg.rf.b076ffddc9286b5a1fca351aaef1d7e9.jpg",320,0,-1,"",0.0000,0.0000,0.0000,0.0000,0.0000,37.4855,172.2002,212.5948,119.4677,168.8330,212.9961,10.1063,,"CPU"
"yolo11n_320","ch0_20250517162300_20250517162800_f05330_jpg.rf.004ce4e33d87f72d849ccc28afccd879.jpg",320,0,-1,"",0.0000,0.0000,0.0000,0.0000,0.0000,37.4999,172.1756,212.5132,120.4563,170.7783,214.9102,10.1063,,"CPU"
"yolo11n_320","ch0_20250517162801_20250517163301_f02184_jpg.rf.bf656ec4c0279059e2775f8a0b3306ac.jpg",320,0,-1,"",0.0000,0.0000,0.0000,0.0000,0.0000,37.3494,172.2059,212.3315,115.3764,172.5322,216.6445,10.1063,,"CPU"
"yolo11n_320","ch0_20250517164301_20250517164801_f00507_jpg.rf.69bb4eae7f768bb5d9a88a35980330f1.jpg",320,2,17,"127-toc-do-toi-da-60",0.8806,302.6590,391.2486,371.3847,480.0513,37.5513,171.2162,211.7139,116.6619,174.2275,218.1289,10.1063,,"CPU"
"yolo11n_320","ch0_20250517171302_20250517171802_f01924_jpg.rf.e561c9eba1571fc7c47d3793e83a9454.jpg",320,0,-1,"",0.0000,0.0000,0.0000,0.0000,0.0000,37.5676,171.1545,211.5953,120.5055,175.9268,220.3477,10.1063,,"CPU"
"yolo11n_640","376_jpg.rf.4be45b6bd889aa6e8432f712997e88dd.jpg",640,2,5,"107-cam-oto-khach-va-oto-tai",0.9130,375.5229,276.9298,399.1465,295.6458,145.6615,723.0086,881.8686,122.0123,214.0830,258.6875,10.1784,,"CPU"
"yolo11n_640","4_mp4-0002_jpg.rf.378ddc9a1b8edabcf6883c5a72b0e80d.jpg",640,2,45,"301d-cac-xe-chi-duoc-re-phai-2",0.9762,385.5066,66.2887,530.0763,148.5934,146.1219,723.0334,882.4813,119.8881,220.5713,264.9063,10.1784,,"CPU"
"yolo11n_640","4_mp4-0065_jpg.rf.4a889c6bd7bfa8515b55bae6d21a9858.jpg",640,2,45,"301d-cac-xe-chi-duoc-re-phai-2",0.9553,469.2234,49.3780,617.4150,132.2784,145.6811,728.8469,892.1828,123.7390,204.2041,249.0430,10.1784,,"CPU"
"yolo11n_640","4_mp4-0079_jpg.rf.7bb0baec5c447fec393734ddc09eba72.jpg",640,1,45,"301d-cac-xe-chi-duoc-re-phai-2",0.9620,458.5079,57.5009,606.2544,142.2722,145.8753,728.1203,885.6023,119.9169,210.9072,255.4297,10.1784,,"CPU"
"yolo11n_640","517_jpg.rf.3365e9d3f7787c53d4f330c9317b2c3d.jpg",640,1,30,"137-cam-re-trai-va-re-phai",0.9801,363.0372,117.3024,393.0273,166.7369,146.0281,723.3713,882.2202,119.6967,217.1416,261.8164,10.1784,,"CPU"
"yolo11n_640","6432930985452_mp4-0006_jpg.rf.2a8f28c40fd6ecda3333caa0532c516f.jpg",640,3,33,"205-duong-giao-nhau",0.6213,319.5017,207.4012,398.2732,250.5506,145.8642,730.7813,891.5247,124.2775,201.6299,246.3789,10.1784,,"CPU"
"yolo11n_640","6432941026760_mp4-0002_jpg.rf.a3ad0991ac8035a20fec19321776f20e.jpg",640,1,39,"225-chu-y-tre-em",0.9608,86.7615,302.9297,138.5606,331.4411,145.7524,725.6892,884.0997,121.1387,208.3525,252.8242,10.1784,,"CPU"
"yolo11n_640","6432944636915_mp4-0028_jpg.rf.e2faf3f5559fde6bf98d92b08f8df413.jpg",640,3,29,"136-cam-di-thang",0.9568,136.9612,338.4864,169.7088,358.2619,146.1004,726.3154,886.2851,120.6141,214.8252,259.4219,10.1784,,"CPU"
"yolo11n_640","6438222152829_mp4-0073_jpg.rf.821d491f7ae20e69e29ea8667ad15bf4.jpg",640,1,18,"127-toc-do-toi-da-70",0.9368,318.0796,261.4658,366.4275,290.8425,145.7694,723.7844,884.8191,121.8315,220.7119,265.2422,10.1784,,"CPU"
"yolo11n_640","6438222152829_mp4-0115_jpg.rf.9ecc4398589661778243262d2d7b58a7.jpg",640,1,18,"127-toc-do-toi-da-70",0.8691,79.6095,305.9140,129.3829,333.6627,146.0005,726.3766,886.6053,127.1113,204.1924,249.0938,10.1784,,"CPU"
"yolo11n_640","7_jpg.rf.fc20b3103435b9baf0d1537e5b75d37e.jpg",640,2,30,"137-cam-re-trai-va-re-phai",0.9950,10.0426,374.9167,32.6854,407.9128,145.8813,725.6460,885.1125,120.9981,211.1221,255.7344,10.1784,,"CPU"
"yolo11n_640","812_jpg.rf.9042caec1c9cb13ffd30654e9ef12a6f.jpg",640,2,23,"131a-cam-do-xe",0.5839,433.0319,205.6297,456.0624,241.6423,145.6958,726.3251,883.7297,121.0762,217.1377,261.6758,10.1784,,"CPU"
"yolo11n_640","8_jpg.rf.2f29afa5c73f30e6db9c8febb349fdd5.jpg",640,2,30,"137-cam-re-trai-va-re-phai",0.9805,27.5801,207.9788,59.5366,259.6497,146.0235,726.5088,888.8515,125.7781,201.6689,246.1250,10.1784,,"CPU"
"yolo11n_640","946_jpg.rf.adbd2325400dbee2acc362c831534168.jpg",640,2,57,"442-cho",0.9380,407.2505,348.2150,431.1427,388.0544,145.7157,724.6901,884.9768,118.8720,208.1729,252.8008,10.1784,,"CPU"
"yolo11n_640","986_jpg.rf.fb6f79659a343c46b133dd894286529e.jpg",640,3,37,"221-duong-go-ghe",0.9937,590.7668,247.1893,621.0943,288.0318,145.5995,723.5814,883.7768,119.9384,214.4502,259.1094,10.1784,,"CPU"
"yolo11n_640","A-nh-ma-n-hi-nh-2025-03-23-lu-c-00_00_38_png.rf.33d0b8be20a15121992d6c781612db26.jpg",640,1,29,"136-cam-di-thang",0.8748,24.8815,118.6439,150.3471,299.5274,145.8448,725.1564,883.5058,118.9568,220.8877,265.2969,10.1784,,"CPU"
"yolo11n_640","Eddy2612-online-video-cutter_com-_mp4-0087_jpg.rf.a8b63de290830a8a569ab9b94e8c6b56.jpg",640,1,13,"127-toc-do-toi-da-20",0.9884,279.1567,128.6043,374.2271,185.5706,146.0043,727.4415,890.1259,123.6875,204.1924,249.0195,10.1784,,"CPU"
"yolo11n_640","Ghi-Ma-n-hi-nh-2025-03-23-lu-c-22_08_05_mov-0054_jpg.rf.8210917d1062e06e013d0cd56a0af732.jpg",640,1,49,"303-noi-giao-nhau-chay-theo-vong-xuyen",0.9813,193.7894,23.9808,456.3760,351.9198,145.6295,725.1503,882.3652,119.7903,210.8486,255.3906,10.1784,,"CPU"
"yolo11n_640","Ghi-Ma-n-hi-nh-2025-03-23-lu-c-22_25_28_mov-0039_jpg.rf.c3dffa99ceeb2ccfac3193655497d12e.jpg",640,1,36,"209-giao-nhau-co-tin-hieu-den",0.9638,131.1593,117.0107,224.2497,254.8021,145.7242,726.0996,883.9336,120.4830,217.1768,261.4883,10.1784,,"CPU"
"yolo11n_640","Ghi-Ma-n-hi-nh-2025-03-23-lu-c-22_25_28_mov-0146_jpg.rf.e35fdd91170a46c9280260785119000e.jpg",640,1,36,"209-giao-nhau-co-tin-hieu-den",0.9642,131.1588,116.9741,224.2271,254.7745,145.8640,726.8009,889.8280,125.3026,201.7148,246.4023,10.1784,,"CPU"
"yolo11n_640","Ghi-Ma-n-hi-nh-2025-04-02-lu-c-14_04_42_mov-0017_jpg.rf.b635a1968c52972696572e13f5cf98d6.jpg",640,2,44,"301c-cac-xe-chi-duoc-re-trai",0.9856,25.5644,45.2413,310.1233,620.2645,145.8005,726.9369,884.0432,120.5810,208.5703,253.1758,10.1784,,"CPU"
"yolo11n_640","Ghi-Ma-n-hi-nh-2025-04-02-lu-c-15_06_54_mov-0123_jpg.rf.197f8c0a1a3c6ef7eca2eb4bc9b02e42.jpg",640,1,52,"420-bat-dau-khu-dong-dan-cu",0.9006,93.1020,244.9366,383.5396,380.9942,145.6742,735.9592,896.7940,120.6506,214.8682,259.3984,10.1784,,"CPU"
"yolo11n_640","Ghi-Ma-n-hi-nh-2025-04-02-lu-c-15_06_54_mov-0169_jpg.rf.ffb7a1764cbb0e63ccaa9eea360f6403.jpg",640,1,52,"420-bat-dau-khu-dong-dan-cu",0.9002,93.0838,244.8534,383.5669,380.9584,152.9024,745.2042,909.9037,117.7033,221.0371,265.6055,10.1784,,"CPU"
"yolo11n_640","Ghi-Ma-n-hi-nh-2025-04-02-lu-c-15_38_46_mov-0128_jpg.rf.611046171b0f3d2701b8a6a449f93d27.jpg",640,1,53,"421-ket-thuc-khu-dong-dan-cu",0.9653,467.2529,197.8472,618.6951,339.3798,146.0670,726.4367,887.1861,125.2247,204.0996,249.0391,10.1784,,"CPU"
"yolo11n_640","IMG_0493_jpeg.rf.3ae39d1297e3e1de25b07f168e79bc36.jpg",640,1,25,"131c-cam-do-xe-ngay-chan",0.8557,711.6933,246.2028,885.0941,451.0754,149.0179,729.2294,889.2839,117.2839,218.6152,263.2500,10.1784,,"CPU"
"yolo11n_640","IMG_4007-MOV_out0082_png.rf.7bbdf7cb3b519eb3ae5d2c2185311585.jpg",640,4,48,"302a-huong-phai-di-vong-chuong-ngai-vat-1",0.9511,38.0429,270.0546,72.3032,348.3255,145.8229,722.1991,881.9993,119.0467,217.4160,261.7813,10.1784,,"CPU"
"yolo11n_640","IMG_4024-MOV_out0253_png.rf.503a4c4d1be9d04bb29a2d681fd63cf8.jpg",640,4,0,"102-cam-di-nguoc-chieu",0.9851,233.3208,438.4115,252.8949,484.8029,145.8119,728.0366,891.7152,122.3458,201.9668,246.8516,10.1784,,"CPU"
"yolo11n_640","IMG_4028-MOV_out0011_png.rf.a99e3f8eb0f391dc63d04a13f66c7d92.jpg",640,3,19,"127-toc-do-toi-da-80",0.9583,308.7939,117.9001,361.6304,208.2822,145.8384,724.4835,883.9661,119.0079,208.8994,253.3320,10.1784,,"CPU"
"yolo11n_640","IMG_4032-MOV_out0046_png.rf.2ee7f103233cddca5730e99df4bb569a.jpg",640,4,1,"103a-cam-oto",0.9991,173.6650,163.4719,241.9001,279.9769,145.7221,731.6315,892.3804,120.0149,215.0752,259.7578,10.1784,,"CPU"
"yolo11n_640","IMG_4041-MOV_out0020_png.rf.91d13da17f2f3d6f9c8ffdd204463ac2.jpg",640,2,31,"201-cho-ngoat-nguy-hiem",0.9180,139.1314,215.4729,220.0863,343.7860,146.6607,725.1281,884.5033,120.8573,221.5205,265.9531,10.1784,,"CPU"
"yolo11n_640","IMG_4047-MOV_out0012_png.rf.09ca70977f0bc67b6fa6c76255a2f296.jpg",640,4,41,"245-di-cham",0.8920,205.1152,315.2336,240.7619,370.2980,150.1554,727.7908,895.0864,124.7898,204.7783,249.5156,10.1784,,"CPU"
"yolo11n_640","IMG_4049-MOV_out0023_png.rf.176dec9b6c99c3073e95282376af54d4.jpg",640,5,22,"130-cam-dung-va-do-xe",0.9358,135.6271,59.2551,201.6486,171.6415,146.3083,724.0082,884.1753,120.2236,211.6494,255.8906,10.1784,,"CPU"
"yolo11n_640","IMG_4051-MOV_out0049_png.rf.0cdced0af44df2b18e13adfddda976bb.jpg",640,1,41,"245-di-cham",0.8120,246.2855,153.7530,337.1024,289.9747,146.3290,724.2099,883.0403,121.7368,217.5869,262.0586,10.1784,,"CPU"
"yolo11n_640","IMG_4051-MOV_out0052_png.rf.c7fb9ae66a6356120ecff9f0903bb4a1.jpg",640,1,41,"245-di-cham",0.9843,324.9767,123.0654,403.3383,248.7545,145.6623,732.9735,896.3554,124.5016,202.2783,247.1016,10.1784,,"CPU"
"yolo11n_640","IMG_4052-MOV_out0095_png.rf.cd837ddfd7779c6029cf8843e67a522d.jpg",640,1,31,"201-cho-ngoat-nguy-hiem",0.9732,254.8645,257.0145,288.1267,305.3395,145.7719,729.1076,888.8613,121.3898,209.3057,254.0391,10.1784,,"CPU"
"yolo11n_640","IMG_4055-MOV_out0002_png.rf.94c5ef6aa29fbe4784d4de3f78f2b683.jpg",640,3,16,"127-toc-do-toi-da-50",0.9818,216.2330,134.5130,281.2105,246.3938,145.4926,727.7750,885.7877,119.4403,215.2275,260.0742,10.1784,,"CPU"
"yolo11n_640","IMG_4063-MOV_out0014_png.rf.f12c9a9d9bc1a12865d7f0d9c2699bd2.jpg",640,2,0,"102-cam-di-nguoc-chieu",0.9995,251.9386,0.0000,417.5104,261.0118,145.6937,724.8306,883.8552,118.4569,221.6807,266.0703,10.1784,,"CPU"
"yolo11n_640","IMG_4068-MOV_out0014_png.rf.46899b0d6413e15a0ae59681905e76ea.jpg",640,1,23,"131a-cam-do-xe",0.8555,449.3115,407.2853,469.6698,439.3286,150.1590,728.4637,896.3439,122.2717,204.9580,249.6484,10.1784,,"CPU"
"yolo11n_640","IMG_4088-MOV_out0008_png.rf.d90b9e2562e7f2317a06cd60967c20b2.jpg",640,1,22,"130-cam-dung-va-do-xe",0.9536,135.0619,200.0590,217.0312,344.5948,145.7493,725.0760,881.9873,118.4808,211.6338,256.2266,10.1784,,"CPU"
"yolo11n_640","IMG_4090-MOV_out0026_png.rf.878b7d031dda48c5609c1198ec6054fa.jpg",640,2,22,"130-cam-dung-va-do-xe",0.9336,243.1489,259.4730,324.0341,403.2921,145.9545,726.4865,884.2799,119.1917,217.9111,262.4258,10.1784,,"CPU"
"yolo11n_640","IMG_4090-MOV_out0027_png.rf.88dba89fb23debf0a97ce44daab9bfb2.jpg",640,2,22,"130-cam-dung-va-do-xe",0.9614,235.4585,207.1015,323.9919,358.2747,146.0142,728.1180,892.1055,123.8617,202.4736,247.1094,10.1784,,"CPU"
"yolo11n_640","IMG_4092-MOV_out0022_png.rf.713fb9936736c64cf149876cc11b2222.jpg",640,1,10,"124c-cam-re-trai-va-cam-quay-dau-xe",0.9941,89.0108,263.1580,221.9614,509.7079,146.1251,722.9126,880.4390,119.4845,209.3330,254.0078,10.1784,,"CPU"
"yolo11n_640","IMG_4094-MOV_out0042_png.rf.87f31848eb608dff4b9db2d8af1394c0.jpg",640,1,23,"131a-cam-do-xe",0.9595,282.1525,158.4890,420.8764,404.3273,145.9460,733.6177,894.9582,118.6635,215.2900,259.8242,10.1784,,"CPU"
"yolo11n_640","IMG_4102-MOV_out0004_png.rf.a8ff3f3168fed99a978b85593b5ae2d7.jpg",640,1,23,"131a-cam-do-xe",0.9843,77.6688,205.8281,224.5570,466.6942,146.1448,728.8159,887.1372,117.5680,221.5547,265.8008,10.1784,,"CPU"
"yolo11n_640","IMG_4112-MOV_out0033_png.rf.e613a1f06ff12b7a34f8ec255aeacb89.jpg",640,5,19,"127-toc-do-toi-da-80",0.9467,215.8918,160.4359,255.5142,228.9654,150.6771,724.2200,892.7258,123.6639,204.6875,249.4609,10.1784,,"CPU"
"yolo11n_640","IMG_4122-MOV_out0005_png.rf.1f4d23954e1988995727f1a64e6cbbbc.jpg",640,1,23,"131a-cam-do-xe",0.9491,286.8944,207.9168,358.3469,338.7804,145.5402,725.4568,882.7397,120.1925,211.3828,255.8594,10.1784,,"CPU"
"yolo11n_640","IMG_4122-MOV_out0064_png.rf.af462c333d954aee4ca15a655354abe5.jpg",640,1,23,"131a-cam-do-xe",0.9449,70.0948,323.3900,151.9850,459.1188,145.7404,724.5114,884.9528,118.7618,217.6367,261.8477,10.1784,,"CPU"
"yolo11n_640","IMG_4139-MOV_out0005_png.rf.97b28cd0c0f71780403c4b84d24d8a4a.jpg",640,2,39,"225-chu-y-tre-em",0.9796,294.5242,161.8199,343.2285,242.7961,145.6487,733.2354,893.5626,122.3164,202.3359,247.0430,10.1784,,"CPU"
"yolo11n_640","IMG_4146-MOV_out0029_png.rf.0daaf2020136bcd3f298eaf75ce59ef8.jpg",640,1,22,"130-cam-dung-va-do-xe",0.8135,103.2307,187.4965,134.5868,237.5204,145.8296,723.7895,882.4595,117.8513,209.0078,253.5938,10.1784,,"CPU"
"yolo11n_640","IMG_4153-MOV_out0027_png.rf.3b489fae87650e101d30d5c6a41cfc9f.jpg",640,5,19,"127-toc-do-toi-da-80",0.9741,83.9329,185.7249,133.2216,270.3442,145.6828,725.9749,887.8042,118.3808,215.4570,259.9766,10.1784,,"CPU"
"yolo11n_640","IMG_4156-MOV_out0004_png.rf.258de781248cb979aa7860533b259be6.jpg",640,1,8,"124a-cam-quay-dau-xe",0.8023,150.4738,268.8029,185.8246,326.5867,145.9429,725.3288,882.7011,118.9514,221.3906,265.8203,10.1784,,"CPU"
"yolo11n_640","IMG_4160-MOV_out0006_png.rf.d24a9a545520174ba55c97aecd39172b.jpg",640,2,22,"130-cam-dung-va-do-xe",0.9501,141.2129,221.6097,178.9910,283.4791,150.6338,728.7768,895.8389,124.6852,204.8438,249.3945,10.1784,,"CPU"
"yolo11n_640","IMG_4169-MOV_out0007_png.rf.2b7f1fe993d9f4ca54cf4c7d456f9a32.jpg",640,1,31,"201-cho-ngoat-nguy-hiem",0.9875,62.5036,50.1455,262.7437,373.2444,145.8356,725.7599,882.9268,120.8466,211.7422,256.0000,10.1784,,"CPU"
"yolo11n_640","IMG_4186-MOV_out0007_png.rf.1917a5c7b2cfe606bae80b1d817bf0f2.jpg",640,3,30,"137-cam-re-trai-va-re-phai",0.9788,181.5668,519.9377,225.7707,594.4537,145.8330,724.8120,883.8671,120.4922,217.6836,261.8555,10.1784,,"CPU"
"yolo11n_640","IMG_4200-MOV_out0029_png.rf.0fb9f2aa37e8780adb2e719bb0d542bf.jpg",640,1,36,"209-giao-nhau-co-tin-hieu-den",0.9967,15.6822,0.0000,383.7506,640.0000,145.7628,728.9164,892.4559,123.9245,202.2852,247.2070,10.1784,,"CPU"
"yolo11n_640","IMG_4215-MOV_out0030_png.rf.ee7ce2f58d7f466d4ac5f502e75f7226.jpg",640,1,33,"205-duong-giao-nhau",0.8427,373.7049,197.5408,427.1170,277.4936,145.8018,725.6794,882.7019,121.5570,208.6094,253.2383,10.1784,,"CPU"
"yolo11n_640","IMG_4215-MOV_out0062_png.rf.3674eafd2b4fdfccc3e09fc9b26e7975.jpg",640,2,48,"302a-huong-phai-di-vong-chuong-ngai-vat-1",0.9871,348.8257,400.0853,426.9262,537.9246,146.2398,723.9655,884.4524,118.9423,215.3945,259.9492,10.1784,,"CPU"
"yolo11n_640","IMG_4218-MOV_out0006_png.rf.e57c98fe37e1ee748a41cbcc0fe9e60e.jpg",640,5,33,"205-duong-giao-nhau",0.9709,231.9979,372.7419,261.0809,418.2743,146.0595,725.8174,887.7856,117.1441,221.5000,265.7734,10.1784,,"CPU"
"yolo11n_640","MOV00728_mp4-0007_jpg.rf.9a2474f55178eaf5357d93dfbd910e22.jpg",640,1,53,"421-ket-thuc-khu-dong-dan-cu",0.8843,487.9359,53.2147,541.9207,144.1657,150.2189,727.9768,894.5726,122.8491,204.7891,249.1914,10.1784,,"CPU"
"yolo11n_640","MOV00732_mp4-0000_jpg.rf.b5cbb3eb96c921d963af9dcde7c08376.jpg",640,2,41,"245-di-cham",0.8892,430.8790,76.5265,449.7193,106.7525,145.6331,727.0996,885.9120,119.3108,211.4805,255.7695,10.1784,,"CPU"
"yolo11n_640","NO20250629-160524-000060F_f01836_jpg.rf.e7d99b92332fab1542b1491d4f57523a.jpg",640,1,22,"130-cam-dung-va-do-xe",0.8326,1624.0803,762.7477,1696.6261,834.6142,148.9285,728.0079,890.7508,123.6013,219.5586,264.3945,10.1784,,"CPU"
"yolo11n_640","NO20250710-170649-000005F_f03588_jpg.rf.fe490bfaf5cd21106fe7a2a7b795521f.jpg",640,3,9,"124b-cam-oto-quay-dau-xe",0.8305,1715.0194,837.4281,1760.2111,880.8954,148.8804,726.8651,887.8160,120.7443,226.6953,271.2305,10.1784,,"CPU"
"yolo11n_640","NO20250712-170157-000088F_f00494_jpg.rf.c37edfad4641bfb747f5a2686ad5b113.jpg",640,2,50,"306-toc-do-toi-thieu-60",0.8466,1303.9417,866.8553,1339.4657,901.2858,148.8079,722.2893,884.2589,120.8910,233.1875,277.4688,10.1784,,"CPU"
"yolo11n_640","Tua-n-Khanh-1968-online-video-cutter_com-_mp4-0112_jpg.rf.8fce825012051f902d66d1dd19ef8bb7.jpg",640,1,14,"127-toc-do-toi-da-30",0.9353,282.7458,262.0123,328.8792,288.7299,145.7987,724.5073,883.1548,121.7214,221.5352,265.9297,10.1784,,"CPU"
"yolo11n_640","Tua-n-Khanh-1968-online-video-cutter_com-_mp4-0138_jpg.rf.e47a884fcd76e6cafb53643de1017bc6.jpg",640,1,14,"127-toc-do-toi-da-30",0.9595,325.7836,230.9276,385.8287,266.5441,145.7821,724.5241,882.8275,123.1257,227.6055,271.9102,10.1784,,"CPU"
"yolo11n_640","ch0_20250430101655_20250430101955_f00010_jpg.rf.4bc7057d8244b1093f3f7f474769dc97.jpg",640,0,-1,"",0.0000,0.0000,0.0000,0.0000,0.0000,151.6418,724.6352,894.3019,122.6620,211.7813,256.5508,10.1784,,"CPU"
"yolo11n_640","ch0_20250430101655_20250430101955_f01670_jpg.rf.d6ff095299d7c2bbf492f0669090f6a8.jpg",640,1,54,"423a-duong-nguoi-di-bo-sang-ngang-1",0.9134,1276.5327,660.7007,1320.3146,706.6185,147.7569,726.1264,886.6698,121.4638,218.8633,263.3477,10.1784,,"CPU"
"yolo11n_640","ch0_20250430104659_20250430104959_f03726_jpg.rf.a0cb74e29a4566d78f3a43b41dfe7bd4.jpg",640,0,-1,"",0.0000,0.0000,0.0000,0.0000,0.0000,147.8887,725.7299,885.9708,119.5283,225.0391,269.6602,10.1784,,"CPU"
"yolo11n_640","ch0_20250430104659_20250430104959_f03780_jpg.rf.65565d95b7a5537f767c535dc4e16cd0.jpg",640,1,54,"423a-duong-nguoi-di-bo-sang-ngang-1",0.9037,1323.2478,667.3828,1374.2959,719.0131,147.5623,727.8968,890.2504,122.7712,209.4453,254.1797,10.1784,,"CPU"
"yolo11n_640","ch0_20250430105000_20250430105300_f02826_jpg.rf.e2062c1fcdd3217b28a116cee3c45d2e.jpg",640,0,-1,"",0.0000,0.0000,0.0000,0.0000,0.0000,147.6493,728.2003,888.1291,118.8997,216.5586,261.0977,10.1784,,"CPU"
"yolo11n_640","ch0_20250430105300_20250430105600_f00252_jpg.rf.4f294a6511559e83c093a8303e3b864e.jpg",640,0,-1,"",0.0000,0.0000,0.0000,0.0000,0.0000,147.5992,727.3868,889.1110,118.4315,222.8281,267.2773,10.1784,,"CPU"
"yolo11n_640","ch0_20250430105300_20250430105600_f01818_jpg.rf.cf5f087c0b376cff623398bedca0f505.jpg",640,2,22,"130-cam-dung-va-do-xe",0.4985,1382.9630,612.2714,1423.4771,658.7761,148.2965,730.0110,891.1782,119.0543,228.9531,273.6172,10.1784,,"CPU"
"yolo11n_640","ch0_20250504150317_20250504150617_f01420_jpg.rf.e71c01097d00aafd575a2d1fa70714c9.jpg",640,0,-1,"",0.0000,0.0000,0.0000,0.0000,0.0000,148.4784,732.1072,895.1096,117.3023,219.7529,264.0664,10.1784,,"CPU"
"yolo11n_640","ch0_20250504150617_20250504150917_f03930_jpg.rf.68f5c2124f1b4f9e99953613121153c1.jpg",640,2,31,"201-cho-ngoat-nguy-hiem",0.3104,1608.8156,510.6945,1671.9503,588.6064,147.6136,727.4168,889.2085,121.1176,220.4951,264.9063,10.1784,,"CPU"
"yolo11n_640","ch0_20250504150917_20250504151217_f01340_jpg.rf.77fa98ad4dd622017e43de43df162dd2.jpg",640,2,48,"302a-huong-phai-di-vong-chuong-ngai-vat-1",0.9787,526.8670,456.1194,648.3968,568.9244,147.9868,747.1284,909.9772,121.4303,227.0781,271.1250,10.1784,,"CPU"
"yolo11n_640","ch0_20250504150917_20250504151217_f03740_jpg.rf.d23464a0849d09491280af611f02aadb.jpg",640,1,54,"423a-duong-nguoi-di-bo-sang-ngang-1",0.8545,1666.8517,608.1859,1728.2964,692.4565,147.8913,737.0615,899.0158,130.9186,210.6953,255.4297,10.1784,,"CPU"
"yolo11n_640","ch0_20250504151217_20250504151517_f00100_jpg.rf.e3c5eab93106bc5a40bd66dd23b80c50.jpg",640,2,48,"302a-huong-phai-di-vong-chuong-ngai-vat-1",0.9808,284.3660,351.0143,383.5629,476.2837,147.4941,725.3924,886.1442,120.4080,218.0078,262.2422,10.1784,,"CPU"
"yolo11n_640","ch0_20250504151217_20250504151517_f03230_jpg.rf.158925432bebc859c1d9f0759e35dcd1.jpg",640,2,48,"302a-huong-phai-di-vong-chuong-ngai-vat-1",0.9688,622.8911,445.8285,731.3066,552.5665,147.4922,727.5724,889.2634,120.3230,224.1445,268.7031,10.1784,,"CPU"
"yolo11n_640","ch0_20250504151217_20250504151517_f04150_jpg.rf.b5dbe1e170bf594d4a67270e3afb7c43.jpg",640,2,0,"102-cam-di-nguoc-chieu",0.9429,1822.5667,586.7412,1848.5706,618.3225,147.6269,728.3964,891.4637,122.6031,208.5615,253.2148,10.1784,,"CPU"
"yolo11n_640","ch0_20250504151517_20250504151817_f02950_jpg.rf.f9fb161c48ac277e3c4377828c449261.jpg",640,0,-1,"",0.0000,0.0000,0.0000,0.0000,0.0000,147.6933,726.1230,886.5771,118.8823,215.4746,259.8320,10.1784,,"CPU"
"yolo11n_640","ch0_20250504151817_20250504152117_f00860_jpg.rf.aed04b9771fccada2de65166143e3eb3.jpg",640,2,0,"102-cam-di-nguoc-chieu",0.8410,805.8194,652.2740,837.3467,683.2983,148.0108,727.1364,887.3451,119.5688,221.5605,266.0156,10.1784,,"CPU"
"yolo11n_640","ch0_20250504151817_20250504152117_f03560_jpg.rf.fdb8dfbec5d0bef191ce8293ab736fc9.jpg",640,5,55,"437-bat-dau-duong-cao-toc",0.9817,1169.8718,95.1833,1243.6703,181.5535,148.1675,723.6474,884.9691,119.4377,227.6387,272.2461,10.1784,,"CPU"
"yolo11n_640","ch0_20250504154520_20250504154820_f02180_jpg.rf.33f076286bb1639912441813a8e67f2d.jpg",640,1,19,"127-toc-do-toi-da-80",0.6402,1303.8676,577.5081,1396.9303,674.9191,152.3145,728.8139,894.3736,123.6596,211.4736,256.0156,10.1784,,"CPU"
"yolo11n_640","ch0_20250504154520_20250504154820_f02830_jpg.rf.4ce52082b9c10ae58656589d07172f7d.jpg",640,1,56,"438-ket-thuc-duong-cao-toc",0.9074,1317.0619,111.0385,1368.4790,171.5660,148.0235,726.8747,889.0474,122.2643,218.3525,262.8125,10.1784,,"CPU"
"yolo11n_640","ch0_20250504163332_20250504163632_f02200_jpg.rf.d8084ac703bc068a0dda1e098fcc769e.jpg",640,7,48,"302a-huong-phai-di-vong-chuong-ngai-vat-1",0.9739,563.1002,478.2725,654.1558,564.8689,147.8915,727.5610,891.2817,121.3968,224.8135,269.1836,10.1784,,"CPU"
"yolo11n_640","ch0_20250504163332_20250504163632_f04020_jpg.rf.5fea7fffc3a908d01593f97b003a8404.jpg",640,0,-1,"",0.0000,0.0000,0.0000,0.0000,0.0000,147.8006,732.3540,896.0746,127.5510,209.4932,253.9258,10.1784,,"CPU"
"yolo11n_640","ch0_20250511151404_20250511151904_f02595_jpg.rf.d921c03cdea5fbba215a16bdfda74a5f.jpg",640,1,42,"301a-cac-xe-chi-duoc-di-thang",0.8645,1437.3795,248.7922,1561.1627,382.7238,147.6090,727.1292,888.3302,120.5619,216.2354,260.3789,10.1784,,"CPU"
"yolo11n_640","ch0_20250511152904_20250511153404_f01350_jpg.rf.095a607564ebd68f6172d7114a549455.jpg",640,2,2,"103b-cam-oto-re-phai",0.8940,1543.0382,555.6083,1602.9320,627.1947,147.6485,725.5655,886.6002,120.6845,222.5010,266.7266,10.1784,,"CPU"
"yolo11n_640","ch0_20250511153904_20250511154404_f02640_jpg.rf.a47a398c69b0b006451dac1cd622f542.jpg",640,2,0,"102-cam-di-nguoc-chieu",0.9583,450.7830,556.8388,483.4472,606.2670,147.5238,725.4106,884.9214,120.4612,228.5830,273.1289,10.1784,,"CPU"
"yolo11n_640","ch0_20250511161258_20250511161758_f01807_jpg.rf.338d12bdbeda47bf65b2aaa154ccdc54.jpg",640,1,23,"131a-cam-do-xe",0.8902,1671.2209,501.6903,1704.8662,556.5026,153.7172,724.5937,891.8039,123.6805,224.6611,268.9219,10.1784,,"CPU"
"yolo11n_640","ch0_20250511161758_20250511162258_f03029_jpg.rf.e60388f056fd6de3298bc7058207e5f0.jpg",640,1,23,"131a-cam-do-xe",0.9016,1503.4059,492.7788,1555.3152,554.5178,147.7609,726.7488,889.2137,118.6427,220.1221,264.4883,10.1784,,"CPU"
"yolo11n_640","ch0_20250511163258_20250511163758_f05772_jpg.rf.dc078d52f13ec83aeca168a74000650f.jpg",640,2,9,"124b-cam-oto-quay-dau-xe",0.7626,1221.8757,614.3663,1261.2581,657.8915,147.6273,733.7786,894.0526,119.1190,226.4063,270.8242,10.1784,,"CPU"
"yolo11n_640","ch0_20250511163759_20250511164259_f05863_jpg.rf.207a395b469f8a7123bcb8a55f7dbde0.jpg",640,2,6,"123a-cam-re-trai",0.5063,588.4959,187.8150,685.0736,279.0773,148.1703,732.2375,896.6469,122.5648,209.9883,254.4961,10.1784,,"CPU"
"yolo11n_640","ch0_20250517125209_20250517125709_f01287_jpg.rf.125dce0ef81540ea0d3244f51213b4ca.jpg",640,1,6,"123a-cam-re-trai",0.7159,1426.7609,604.9411,1469.9756,651.9794,147.4889,729.1078,890.9629,120.6548,217.0938,261.3047,10.1784,,"CPU"
"yolo11n_640","ch0_20250517125709_20250517130209_f01937_jpg.rf.c6f1222828b588ac2d440b15e1af0634.jpg",640,5,27,"134-het-han-che-toc-do-toi-da",0.9245,1077.0651,686.8274,1114.3823,721.8871,147.6183,728.7543,890.7857,121.5764,223.3398,267.6875,10.1784,,"CPU"
"yolo11n_640","ch0_20250517125709_20250517130209_f01989_jpg.rf.b076ffddc9286b5a1fca351aaef1d7e9.jpg",640,2,27,"134-het-han-che-toc-do-toi-da",0.9160,1356.5919,502.7492,1442.4845,600.2646,147.9896,727.6380,890.9141,123.9142,208.2148,252.4336,10.1784,,"CPU"
"yolo11n_640","ch0_20250517162300_20250517162800_f05330_jpg.rf.004ce4e33d87f72d849ccc28afccd879.jpg",640,2,17,"127-toc-do-toi-da-60",0.7166,1355.9751,546.1634,1409.3420,601.1880,147.6824,726.2541,886.4398,121.0448,215.1709,259.2930,10.1784,,"CPU"
"yolo11n_640","ch0_20250517162801_20250517163301_f02184_jpg.rf.bf656ec4c0279059e2775f8a0b3306ac.jpg",640,3,11,"125-cam-vuot",0.5903,1636.1206,350.6644,1690.4008,424.4577,147.5514,724.7652,884.5580,120.5107,221.0068,265.4609,10.1784,,"CPU"
"yolo11n_640","ch0_20250517164301_20250517164801_f00507_jpg.rf.69bb4eae7f768bb5d9a88a35980330f1.jpg",640,2,17,"127-toc-do-toi-da-60",0.9634,302.1455,391.3200,370.2552,481.0036,147.6085,725.9175,889.2486,122.7963,207.9131,252.2773,10.1784,,"CPU"
"yolo11n_640","ch0_20250517171302_20250517171802_f01924_jpg.rf.e561c9eba1571fc7c47d3793e83a9454.jpg",640,2,7,"123b-cam-re-phai",0.4717,1074.4808,609.9758,1108.4418,641.6984,148.0568,726.6397,889.4381,119.9621,214.6670,258.9258,10.1784,,"CPU"
"yolo11s_320","376_jpg.rf.4be45b6bd889aa6e8432f712997e88dd.jpg",320,3,5,"107-cam-oto-khach-va-oto-tai",0.9022,375.0783,277.7426,397.2501,295.0075,37.5797,545.0119,585.6927,120.0269,226.3701,270.7734,36.2056,,"CPU"
"yolo11s_320","4_mp4-0002_jpg.rf.378ddc9a1b8edabcf6883c5a72b0e80d.jpg",320,1,45,"301d-cac-xe-chi-duoc-re-phai-2",0.9217,387.8691,65.0893,530.3858,149.1559,37.5656,545.3173,585.9250,121.6858,230.1045,274.4336,36.2056,,"CPU"
"yolo11s_320","4_mp4-0065_jpg.rf.4a889c6bd7bfa8515b55bae6d21a9858.jpg",320,1,45,"301d-cac-xe-chi-duoc-re-phai-2",0.9259,468.8121,49.9917,616.6342,134.9417,37.5709,543.4162,584.0066,122.2569,233.4561,277.7500,36.2056,,"CPU"
"yolo11s_320","4_mp4-0079_jpg.rf.7bb0baec5c447fec393734ddc09eba72.jpg",320,1,45,"301d-cac-xe-chi-duoc-re-phai-2",0.9172,457.4757,57.7905,605.3873,141.8462,37.6917,542.0321,584.6065,126.0643,223.3311,267.8828,36.2056,,"CPU"
"yolo11s_320","517_jpg.rf.3365e9d3f7787c53d4f330c9317b2c3d.jpg",320,1,30,"137-cam-re-trai-va-re-phai",0.8709,362.8304,116.4874,394.0906,167.0113,37.6007,543.5139,584.4063,122.1732,227.4873,271.8398,36.2056,,"CPU"
"yolo11s_320","6432930985452_mp4-0006_jpg.rf.2a8f28c40fd6ecda3333caa0532c516f.jpg",320,2,33,"205-duong-giao-nhau",0.8852,321.7567,207.0951,395.5640,250.1393,37.4711,541.8474,582.8672,119.5792,231.0654,275.3633,36.2056,,"CPU"
"yolo11s_320","6432941026760_mp4-0002_jpg.rf.a3ad0991ac8035a20fec19321776f20e.jpg",320,1,39,"225-chu-y-tre-em",0.8122,88.3411,304.8692,138.5154,330.9237,37.6178,542.5361,585.3854,123.6755,221.4443,266.0039,36.2056,,"CPU"
"yolo11s_320","6432944636915_mp4-0028_jpg.rf.e2faf3f5559fde6bf98d92b08f8df413.jpg",320,3,29,"136-cam-di-thang",0.9332,499.8340,263.1767,536.6749,289.5688,37.6114,543.9560,584.8781,118.1425,225.6982,269.6992,36.2056,,"CPU"
"yolo11s_320","6438222152829_mp4-0073_jpg.rf.821d491f7ae20e69e29ea8667ad15bf4.jpg",320,1,18,"127-toc-do-toi-da-70",0.8765,317.8111,261.3154,366.7150,290.0974,37.7286,542.4801,583.2617,118.9841,228.9404,273.2695,36.2056,,"CPU"
"yolo11s_320","6438222152829_mp4-0115_jpg.rf.9ecc4398589661778243262d2d7b58a7.jpg",320,1,18,"127-toc-do-toi-da-70",0.9024,79.9118,305.5690,129.4232,333.9345,37.5370,542.5145,583.0255,119.7185,232.6865,276.9961,36.2056,,"CPU"
"yolo11s_320","7_jpg.rf.fc20b3103435b9baf0d1537e5b75d37e.jpg",320,3,30,"137-cam-re-trai-va-re-phai",0.9416,10.3156,375.0178,32.6613,408.1633,37.7919,546.6029,589.6292,125.8385,222.4248,267.2148,36.2056,,"CPU"
"yolo11s_320","812_jpg.rf.9042caec1c9cb13ffd30654e9ef12a6f.jpg",320,2,22,"130-cam-dung-va-do-xe",0.6891,434.2049,204.9936,456.3593,241.3418,37.5197,542.2990,582.7406,118.7473,226.5615,270.9570,36.2056,,"CPU"
"yolo11s_320","8_jpg.rf.2f29afa5c73f30e6db9c8febb349fdd5.jpg",320,3,30,"137-cam-re-trai-va-re-phai",0.8710,33.8400,342.6136,58.4770,379.3413,37.5577,542.7601,584.0109,118.1457,230.2998,274.6445,36.2056,,"CPU"
"yolo11s_320","946_jpg.rf.adbd2325400dbee2acc362c831534168.jpg",320,2,23,"131a-cam-do-xe",0.8841,406.5159,304.6664,432.1268,347.1991,37.5889,544.1803,584.8180,118.6674,233.7256,278.0195,36.2056,,"CPU"
"yolo11s_320","986_jpg.rf.fb6f79659a343c46b133dd894286529e.jpg",320,2,37,"221-duong-go-ghe",0.9557,591.0314,248.2024,621.3265,287.4172,37.6971,544.5578,587.1811,125.6816,223.5693,268.3047,36.2056,,"CPU"
"yolo11s_320","A-nh-ma-n-hi-nh-2025-03-23-lu-c-00_00_38_png.rf.33d0b8be20a15121992d6c781612db26.jpg",320,1,29,"136-cam-di-thang",0.9744,25.9010,118.1641,150.3739,301.9482,37.5252,543.5367,584.1441,120.3453,227.3467,271.8438,36.2056,,"CPU"
"yolo11s_320","Eddy2612-online-video-cutter_com-_mp4-0087_jpg.rf.a8b63de290830a8a569ab9b94e8c6b56.jpg",320,1,13,"127-toc-do-toi-da-20",0.9540,277.6941,128.6516,373.8893,185.7444,37.7199,543.2815,584.1098,121.7212,231.0928,275.3516,36.2056,,"CPU"
"yolo11s_320","Ghi-Ma-n-hi-nh-2025-03-23-lu-c-22_08_05_mov-0054_jpg.rf.8210917d1062e06e013d0cd56a0af732.jpg",320,1,49,"303-noi-giao-nhau-chay-theo-vong-xuyen",0.9429,194.2715,21.1266,451.7399,353.3201,37.6893,545.9771,589.0256,129.1926,221.0537,265.6563,36.2056,,"CPU"
"yolo11s_320","Ghi-Ma-n-hi-nh-2025-03-23-lu-c-22_25_28_mov-0039_jpg.rf.c3dffa99ceeb2ccfac3193655497d12e.jpg",320,1,36,"209-giao-nhau-co-tin-hieu-den",0.9186,130.9440,117.0577,224.8065,254.4427,37.7421,541.2626,582.0682,120.9460,225.1748,269.6016,36.2056,,"CPU"
"yolo11s_320","Ghi-Ma-n-hi-nh-2025-03-23-lu-c-22_25_28_mov-0146_jpg.rf.e35fdd91170a46c9280260785119000e.jpg",320,1,36,"209-giao-nhau-co-tin-hieu-den",0.9187,130.9412,116.9758,224.8004,254.4478,37.5304,541.9632,582.7402,122.0076,228.5693,272.9414,36.2056,,"CPU"
"yolo11s_320","Ghi-Ma-n-hi-nh-2025-04-02-lu-c-14_04_42_mov-0017_jpg.rf.b635a1968c52972696572e13f5cf98d6.jpg",320,2,44,"301c-cac-xe-chi-duoc-re-trai",0.9467,24.3964,49.2383,309.3653,616.2737,37.5353,542.7611,583.6181,119.7683,232.2920,276.4180,36.2056,,"CPU"
"yolo11s_320","Ghi-Ma-n-hi-nh-2025-04-02-lu-c-15_06_54_mov-0123_jpg.rf.197f8c0a1a3c6ef7eca2eb4bc9b02e42.jpg",320,1,52,"420-bat-dau-khu-dong-dan-cu",0.9262,91.3946,244.3095,385.4309,383.6973,37.5752,543.1236,585.8282,127.3378,222.0654,266.4336,36.2056,,"CPU"
"yolo11s_320","Ghi-Ma-n-hi-nh-2025-04-02-lu-c-15_06_54_mov-0169_jpg.rf.ffb7a1764cbb0e63ccaa9eea360f6403.jpg",320,1,52,"420-bat-dau-khu-dong-dan-cu",0.9260,91.4257,244.2818,385.4340,383.6844,37.4646,543.3654,583.8864,118.5143,226.3818,270.3672,36.2056,,"CPU"
"yolo11s_320","Ghi-Ma-n-hi-nh-2025-04-02-lu-c-15_38_46_mov-0128_jpg.rf.611046171b0f3d2701b8a6a449f93d27.jpg",320,1,53,"421-ket-thuc-khu-dong-dan-cu",0.9424,468.8964,196.6541,620.1863,338.0024,37.6419,544.2522,584.8865,117.6278,229.7686,273.9023,36.2056,,"CPU"
"yolo11s_320","IMG_0493_jpeg.rf.3ae39d1297e3e1de25b07f168e79bc36.jpg",320,1,25,"131c-cam-do-xe-ngay-chan",0.9282,711.3264,244.6746,881.4580,447.0176,37.8986,544.8564,587.1205,123.8218,230.1045,274.8086,36.2056,,"CPU"
"yolo11s_320","IMG_4007-MOV_out0082_png.rf.7bbdf7cb3b519eb3ae5d2c2185311585.jpg",320,4,0,"102-cam-di-nguoc-chieu",0.9526,39.2684,187.5290,78.3096,265.2167,37.7268,544.2888,585.2455,117.3849,226.5537,271.0547,36.2056,,"CPU"
"yolo11s_320","IMG_4024-MOV_out0253_png.rf.503a4c4d1be9d04bb29a2d681fd63cf8.jpg",320,4,19,"127-toc-do-toi-da-80",0.8978,409.2332,253.6949,432.2492,300.0876,37.4607,543.6442,584.5803,117.6892,230.1787,274.2500,36.2056,,"CPU"
"yolo11s_320","IMG_4028-MOV_out0011_png.rf.a99e3f8eb0f391dc63d04a13f66c7d92.jpg",320,3,19,"127-toc-do-toi-da-80",0.9431,308.3375,117.8294,361.1405,208.6856,37.8462,544.0176,585.2401,119.2560,233.8584,278.0586,36.2056,,"CPU"
"yolo11s_320","IMG_4032-MOV_out0046_png.rf.2ee7f103233cddca5730e99df4bb569a.jpg",320,5,40,"227-cong-truong",0.9507,242.8684,427.6668,309.9463,528.7546,37.7239,544.8809,588.8230,124.6506,222.1162,266.6719,36.2056,,"CPU"
"yolo11s_320","IMG_4041-MOV_out0020_png.rf.91d13da17f2f3d6f9c8ffdd204463ac2.jpg",320,1,32,"203-duong-bi-hep",0.7201,140.3070,216.4859,219.6063,343.7700,37.7058,542.1020,582.7800,120.4551,226.2686,270.4375,36.2056,,"CPU"
"yolo11s_320","IMG_4047-MOV_out0012_png.rf.09ca70977f0bc67b6fa6c76255a2f296.jpg",320,4,41,"245-di-cham",0.9356,204.2604,315.6509,241.0186,370.7919,37.5545,542.1883,583.1250,120.7190,229.9717,274.0859,36.2056,,"CPU"
"yolo11s_320","IMG_4049-MOV_out0023_png.rf.176dec9b6c99c3073e95282376af54d4.jpg",320,5,22,"130-cam-dung-va-do-xe",0.9116,135.5956,58.9865,201.3084,168.7618,37.4906,543.3785,584.0388,121.0515,233.4365,277.4883,36.2056,,"CPU"
"yolo11s_320","IMG_4051-MOV_out0049_png.rf.0cdced0af44df2b18e13adfddda976bb.jpg",320,1,41,"245-di-cham",0.9493,245.7270,155.8264,338.0549,290.7460,37.8525,542.9176,586.5295,128.0376,223.6670,267.9844,36.2056,,"CPU"
"yolo11s_320","IMG_4051-MOV_out0052_png.rf.c7fb9ae66a6356120ecff9f0903bb4a1.jpg",320,1,41,"245-di-cham",0.9195,323.8723,126.1064,404.9249,251.9121,37.5818,543.3414,584.0870,119.6717,227.8076,272.2578,36.2056,,"CPU"
"yolo11s_320","IMG_4052-MOV_out0095_png.rf.cd837ddfd7779c6029cf8843e67a522d.jpg",320,1,31,"201-cho-ngoat-nguy-hiem",0.8948,255.3370,257.1786,288.5983,305.2109,37.5614,542.9165,583.5697,120.4635,231.1553,275.3906,36.2056,,"CPU"
"yolo11s_320","IMG_4055-MOV_out0002_png.rf.94c5ef6aa29fbe4784d4de3f78f2b683.jpg",320,3,16,"127-toc-do-toi-da-50",0.9083,215.5228,134.2263,281.6184,247.5826,37.5236,546.1803,589.9523,126.4478,221.3506,266.0742,36.2056,,"CPU"
"yolo11s_320","IMG_4063-MOV_out0014_png.rf.f12c9a9d9bc1a12865d7f0d9c2699bd2.jpg",320,2,48,"302a-huong-phai-di-vong-chuong-ngai-vat-1",0.9605,243.3036,281.8608,416.7228,581.8342,37.5882,542.9810,583.9269,119.1911,225.6787,269.8359,36.2056,,"CPU"
"yolo11s_320","IMG_4068-MOV_out0014_png.rf.46899b0d6413e15a0ae59681905e76ea.jpg",320,1,23,"131a-cam-do-xe",0.8777,450.1085,406.9139,469.2196,439.6943,37.6040,544.2870,584.8596,119.6849,229.1904,273.2969,36.2056,,"CPU"
"yolo11s_320","IMG_4088-MOV_out0008_png.rf.d90b9e2562e7f2317a06cd60967c20b2.jpg",320,1,22,"130-cam-dung-va-do-xe",0.9023,134.7965,200.8580,220.3975,346.2257,37.8491,542.8644,583.7843,116.9933,232.3779,276.6172,36.2056,,"CPU"
"yolo11s_320","IMG_4090-MOV_out0026_png.rf.878b7d031dda48c5609c1198ec6054fa.jpg",320,2,22,"130-cam-dung-va-do-xe",0.9068,241.3301,259.6298,326.1023,402.9367,37.6826,544.2226,587.3978,122.7410,222.2881,266.9453,36.2056,,"CPU"
"yolo11s_320","IMG_4090-MOV_out0027_png.rf.88dba89fb23debf0a97ce44daab9bfb2.jpg",320,2,22,"130-cam-dung-va-do-xe",0.9436,235.3028,206.9281,324.8476,358.1477,37.4936,544.2075,585.0003,119.9983,226.5928,270.8633,36.2056,,"CPU"
"yolo11s_320","IMG_4092-MOV_out0022_png.rf.713fb9936736c64cf149876cc11b2222.jpg",320,1,10,"124c-cam-re-trai-va-cam-quay-dau-xe",0.9640,90.0590,263.4019,221.2291,509.0338,37.5069,541.8763,582.3992,117.4433,230.1475,274.4219,36.2056,,"CPU"
"yolo11s_320","IMG_4094-MOV_out0042_png.rf.87f31848eb608dff4b9db2d8af1394c0.jpg",320,1,23,"131a-cam-do-xe",0.9445,280.4435,159.3013,419.7515,402.9230,37.5947,544.4258,585.8560,118.4571,233.5029,277.7266,36.2056,,"CPU"
"yolo11s_320","IMG_4102-MOV_out0004_png.rf.a8ff3f3168fed99a978b85593b5ae2d7.jpg",320,1,23,"131a-cam-do-xe",0.9413,76.6831,205.5450,224.5733,467.4128,37.5618,544.3560,586.7693,126.9629,223.2646,267.9492,36.2056,,"CPU"
"yolo11s_320","IMG_4112-MOV_out0033_png.rf.e613a1f06ff12b7a34f8ec255aeacb89.jpg",320,5,17,"127-toc-do-toi-da-60",0.9082,272.0278,142.6794,313.1454,211.1843,37.5289,541.5670,583.0774,117.6499,227.3779,271.5039,36.2056,,"CPU"
"yolo11s_320","IMG_4122-MOV_out0005_png.rf.1f4d23954e1988995727f1a64e6cbbbc.jpg",320,1,23,"131a-cam-do-xe",0.9144,286.8568,208.5206,360.5995,338.8804,37.5472,541.2638,582.0208,118.2069,230.8389,275.1055,36.2056,,"CPU"
"yolo11s_320","IMG_4122-MOV_out0064_png.rf.af462c333d954aee4ca15a655354abe5.jpg",320,1,23,"131a-cam-do-xe",0.9172,69.4900,319.9994,152.9245,458.3732,37.7358,543.2674,586.3164,127.2308,221.4014,266.2656,36.2056,,"CPU"
"yolo11s_320","IMG_4139-MOV_out0005_png.rf.97b28cd0c0f71780403c4b84d24d8a4a.jpg",320,2,41,"245-di-cham",0.9501,298.1938,251.4230,342.2488,331.5257,37.5455,544.2601,585.1025,119.8062,225.2920,269.5781,36.2056,,"CPU"
"yolo11s_320","IMG_4146-MOV_out0029_png.rf.0daaf2020136bcd3f298eaf75ce59ef8.jpg",320,1,22,"130-cam-dung-va-do-xe",0.8968,103.9621,187.2631,134.4037,237.8399,37.5954,542.7149,583.2447,121.5593,229.0342,273.4570,36.2056,,"CPU"
"yolo11s_320","IMG_4153-MOV_out0027_png.rf.3b489fae87650e101d30d5c6a41cfc9f.jpg",320,5,16,"127-toc-do-toi-da-50",0.9302,444.6697,270.2495,495.5828,357.1959,37.7448,543.5424,584.9854,121.0265,232.4014,276.5820,36.2056,,"CPU"
"yolo11s_320","IMG_4156-MOV_out0004_png.rf.258de781248cb979aa7860533b259be6.jpg",320,1,8,"124a-cam-quay-dau-xe",0.8950,150.3705,267.6187,186.0993,326.0457,37.6451,543.1797,585.6589,128.2280,222.4834,267.0391,36.2056,,"CPU"
"yolo11s_320","IMG_4160-MOV_out0006_png.rf.d24a9a545520174ba55c97aecd39172b.jpg",320,2,22,"130-cam-dung-va-do-xe",0.8904,141.2663,220.9026,178.9504,283.7195,37.6824,541.5658,583.4219,119.8083,226.5811,270.7500,36.2056,,"CPU"
"yolo11s_320","IMG_4169-MOV_out0007_png.rf.2b7f1fe993d9f4ca54cf4c7d456f9a32.jpg",320,1,31,"201-cho-ngoat-nguy-hiem",0.9432,62.4731,47.8799,261.3539,373.6835,37.5776,545.0108,585.8438,118.9715,230.1436,274.2539,36.2056,,"CPU"
"yolo11s_320","IMG_4186-MOV_out0007_png.rf.1917a5c7b2cfe606bae80b1d817bf0f2.jpg",320,3,30,"137-cam-re-trai-va-re-phai",0.9537,181.5662,518.3893,224.8613,594.4474,37.5375,541.6682,582.5759,118.6093,233.6631,277.7617,36.2056,,"CPU"
"yolo11s_320","IMG_4200-MOV_out0029_png.rf.0fb9f2aa37e8780adb2e719bb0d542bf.jpg",320,1,36,"209-giao-nhau-co-tin-hieu-den",0.8748,0.0000,47.3185,380.7307,640.0000,37.7196,546.4688,588.4976,123.5319,223.8389,268.2148,36.2056,,"CPU"
"yolo11s_320","IMG_4215-MOV_out0030_png.rf.ee7ce2f58d7f466d4ac5f502e75f7226.jpg",320,1,33,"205-duong-giao-nhau",0.9430,374.6362,197.7034,427.7785,278.7090,37.6112,544.2843,584.9230,117.4495,227.9795,272.1523,36.2056,,"CPU"
"yolo11s_320","IMG_4215-MOV_out0062_png.rf.3674eafd2b4fdfccc3e09fc9b26e7975.jpg",320,2,0,"102-cam-di-nguoc-chieu",0.9559,351.1478,260.1636,428.6267,399.6780,37.8748,544.4121,585.5255,119.2074,231.1318,275.4375,36.2056,,"CPU"
"yolo11s_320","IMG_4218-MOV_out0006_png.rf.e57c98fe37e1ee748a41cbcc0fe9e60e.jpg",320,5,48,"302a-huong-phai-di-vong-chuong-ngai-vat-1",0.8930,0.1042,450.2988,14.8613,477.3063,37.6692,546.2958,589.7455,124.1163,221.3389,265.9141,36.2056,,"CPU"
"yolo11s_320","MOV00728_mp4-0007_jpg.rf.9a2474f55178eaf5357d93dfbd910e22.jpg",320,1,53,"421-ket-thuc-khu-dong-dan-cu",0.9068,487.4512,54.4816,543.1049,144.1483,37.4770,541.3866,581.9078,118.9171,225.5537,269.7500,36.2056,,"CPU"
"yolo11s_320","MOV00732_mp4-0000_jpg.rf.b5cbb3eb96c921d963af9dcde7c08376.jpg",320,2,41,"245-di-cham",0.9293,430.8445,77.3662,450.0687,106.3952,37.6048,544.2860,584.9386,118.9849,229.2920,273.5625,36.2056,,"CPU"
"yolo11s_320","NO20250629-160524-000060F_f01836_jpg.rf.e7d99b92332fab1542b1491d4f57523a.jpg",320,1,22,"130-cam-dung-va-do-xe",0.6328,1627.1471,764.1407,1694.9955,834.2156,38.3295,542.8422,584.0876,121.3716,246.1279,290.4063,36.2056,,"CPU"
"yolo11s_320","NO20250710-170649-000005F_f03588_jpg.rf.fe490bfaf5cd21106fe7a2a7b795521f.jpg",320,3,9,"124b-cam-oto-quay-dau-xe",0.8502,1714.3550,833.4816,1757.1333,877.8798,38.2655,543.6169,584.7532,121.2456,246.2490,290.4844,36.2056,,"CPU"
"yolo11s_320","NO20250712-170157-000088F_f00494_jpg.rf.c37edfad4641bfb747f5a2686ad5b113.jpg",320,2,50,"306-toc-do-toi-thieu-60",0.8931,1303.6163,865.6317,1345.8809,906.9256,37.8655,541.6305,582.4414,119.3231,250.1709,294.3633,36.2056,,"CPU"
"yolo11s_320","Tua-n-Khanh-1968-online-video-cutter_com-_mp4-0112_jpg.rf.8fce825012051f902d66d1dd19ef8bb7.jpg",320,1,14,"127-toc-do-toi-da-30",0.9074,282.3832,261.9525,330.1447,289.1854,37.4094,540.6015,580.9588,118.2506,235.8896,280.0234,36.2056,,"CPU"
"yolo11s_320","Tua-n-Khanh-1968-online-video-cutter_com-_mp4-0138_jpg.rf.e47a884fcd76e6cafb53643de1017bc6.jpg",320,1,14,"127-toc-do-toi-da-30",0.8791,325.6936,230.6420,385.0981,266.6299,37.5638,541.4576,582.3607,118.6530,239.4014,283.5078,36.2056,,"CPU"
"yolo11s_320","ch0_20250430101655_20250430101955_f00010_jpg.rf.4bc7057d8244b1093f3f7f474769dc97.jpg",320,0,-1,"",0.0000,0.0000,0.0000,0.0000,0.0000,42.0198,542.5422,590.1591,124.7055,230.1943,274.9297,36.2056,,"CPU"
"yolo11s_320","ch0_20250430101655_20250430101955_f01670_jpg.rf.d6ff095299d7c2bbf492f0669090f6a8.jpg",320,0,-1,"",0.0000,0.0000,0.0000,0.0000,0.0000,37.5048,541.3252,581.7636,122.0395,234.3818,278.7109,36.2056,,"CPU"
"yolo11s_320","ch0_20250430104659_20250430104959_f03726_jpg.rf.a0cb74e29a4566d78f3a43b41dfe7bd4.jpg",320,0,-1,"",0.0000,0.0000,0.0000,0.0000,0.0000,37.6607,542.4347,583.0927,120.3897,237.9287,282.2109,36.2056,,"CPU"
"yolo11s_320","ch0_20250430104659_20250430104959_f03780_jpg.rf.65565d95b7a5537f767c535dc4e16cd0.jpg",320,0,-1,"",0.0000,0.0000,0.0000,0.0000,0.0000,37.4584,543.5366,585.9694,124.9155,227.8701,272.3906,36.2056,,"CPU"
"yolo11s_320","ch0_20250430105000_20250430105300_f02826_jpg.rf.e2062c1fcdd3217b28a116cee3c45d2e.jpg",320,0,-1,"",0.0000,0.0000,0.0000,0.0000,0.0000,37.4130,542.9034,583.1193,118.3262,232.2217,276.3789,36.2056,,"CPU"
"yolo11s_320","ch0_20250430105300_20250430105600_f00252_jpg.rf.4f294a6511559e83c093a8303e3b864e.jpg",320,2,48,"302a-huong-phai-di-vong-chuong-ngai-vat-1",0.5691,839.7612,720.2236,859.8153,756.0251,37.5629,543.6347,584.2247,118.7878,235.9482,280.0508,36.2056,,"CPU"
"yolo11s_320","ch0_20250430105300_20250430105600_f01818_jpg.rf.cf5f087c0b376cff623398bedca0f505.jpg",320,1,23,"131a-cam-do-xe",0.6590,1377.7617,611.9456,1425.0656,660.0720,37.4997,541.7333,582.0992,118.7062,239.5107,283.3633,36.2056,,"CPU"
"yolo11s_320","ch0_20250504150317_20250504150617_f01420_jpg.rf.e71c01097d00aafd575a2d1fa70714c9.jpg",320,0,-1,"",0.0000,0.0000,0.0000,0.0000,0.0000,37.5739,546.1437,587.3773,125.9800,229.4561,274.0039,36.2056,,"CPU"
"yolo11s_320","ch0_20250504150617_20250504150917_f03930_jpg.rf.68f5c2124f1b4f9e99953613121153c1.jpg",320,2,7,"123b-cam-re-phai",0.3284,1154.0424,659.9938,1190.7450,702.4928,37.6037,543.8987,584.6388,117.5062,233.9834,278.3750,36.2056,,"CPU"
"yolo11s_320","ch0_20250504150917_20250504151217_f01340_jpg.rf.77fa98ad4dd622017e43de43df162dd2.jpg",320,2,48,"302a-huong-phai-di-vong-chuong-ngai-vat-1",0.9232,525.7649,455.0198,645.4106,567.8134,37.5554,541.7167,582.6766,118.5888,237.3623,281.7305,36.2056,,"CPU"
"yolo11s_320","ch0_20250504150917_20250504151217_f03740_jpg.rf.d23464a0849d09491280af611f02aadb.jpg",320,0,-1,"",0.0000,0.0000,0.0000,0.0000,0.0000,37.3692,541.6010,582.0250,120.9541,244.5303,283.0313,36.2056,,"CPU"
"yolo11s_320","ch0_20250504151217_20250504151517_f00100_jpg.rf.e3c5eab93106bc5a40bd66dd23b80c50.jpg",320,2,48,"302a-huong-phai-di-vong-chuong-ngai-vat-1",0.8691,286.5714,349.2256,383.0812,475.6784,37.4044,542.5003,582.9710,120.2442,231.5029,275.9258,36.2056,,"CPU"
"yolo11s_320","ch0_20250504151217_20250504151517_f03230_jpg.rf.158925432bebc859c1d9f0759e35dcd1.jpg",320,2,48,"302a-huong-phai-di-vong-chuong-ngai-vat-1",0.9143,623.6736,447.6877,730.8627,554.5200,38.1509,545.5296,586.9256,118.0708,235.3975,279.7695,36.2056,,"CPU"
"yolo11s_320","ch0_20250504151217_20250504151517_f04150_jpg.rf.b5dbe1e170bf594d4a67270e3afb7c43.jpg",320,0,-1,"",0.0000,0.0000,0.0000,0.0000,0.0000,37.5305,541.1480,581.4966,120.0323,238.7998,283.1094,36.2056,,"CPU"
"yolo11s_320","ch0_20250504151517_20250504151817_f02950_jpg.rf.f9fb161c48ac277e3c4377828c449261.jpg",320,0,-1,"",0.0000,0.0000,0.0000,0.0000,0.0000,37.4810,545.1958,586.6326,127.5023,228.6357,273.3555,36.2056,,"CPU"
"yolo11s_320","ch0_20250504151817_20250504152117_f00860_jpg.rf.aed04b9771fccada2de65166143e3eb3.jpg",320,2,48,"302a-huong-phai-di-vong-chuong-ngai-vat-1",0.7359,804.8292,687.2822,840.7744,722.7841,37.5302,541.9220,582.3973,119.8474,232.8350,277.1328,36.2056,,"CPU"
"yolo11s_320","ch0_20250504151817_20250504152117_f03560_jpg.rf.fdb8dfbec5d0bef191ce8293ab736fc9.jpg",320,6,50,"306-toc-do-toi-thieu-60",0.9581,1159.7677,224.4282,1267.1748,333.4958,37.6914,544.7166,586.5686,120.1882,236.7568,281.0234,36.2056,,"CPU"
"yolo11s_320","ch0_20250504154520_20250504154820_f02180_jpg.rf.33f076286bb1639912441813a8e67f2d.jpg",320,2,19,"127-toc-do-toi-da-80",0.7580,1302.8708,577.5408,1397.1577,674.5754,37.5114,542.2764,582.8941,121.9753,240.2178,284.4336,36.2056,,"CPU"
"yolo11s_320","ch0_20250504154520_20250504154820_f02830_jpg.rf.4ce52082b9c10ae58656589d07172f7d.jpg",320,1,56,"438-ket-thuc-duong-cao-toc",0.9380,1308.9156,104.5533,1362.3091,172.4318,41.4647,542.5501,588.8496,124.1369,230.2490,274.9141,36.2056,,"CPU"
"yolo11s_320","ch0_20250504163332_20250504163632_f02200_jpg.rf.d8084ac703bc068a0dda1e098fcc769e.jpg",320,7,23,"131a-cam-do-xe",0.9356,1693.4506,488.0136,1735.1613,550.4892,37.3096,543.2552,583.9882,118.3223,234.6396,278.7227,36.2056,,"CPU"
"yolo11s_320","ch0_20250504163332_20250504163632_f04020_jpg.rf.5fea7fffc3a908d01593f97b003a8404.jpg",320,0,-1,"",0.0000,0.0000,0.0000,0.0000,0.0000,37.5369,542.5748,583.4051,118.6114,238.3389,282.5508,36.2056,,"CPU"
"yolo11s_320","ch0_20250511151404_20250511151904_f02595_jpg.rf.d921c03cdea5fbba215a16bdfda74a5f.jpg",320,1,42,"301a-cac-xe-chi-duoc-di-thang",0.9650,1440.7747,249.6844,1560.2883,381.6798,37.6048,546.4230,588.0512,124.8158,228.0576,272.7305,36.2056,,"CPU"
"yolo11s_320","ch0_20250511152904_20250511153404_f01350_jpg.rf.095a607564ebd68f6172d7114a549455.jpg",320,2,2,"103b-cam-oto-re-phai",0.9034,1542.7388,557.8553,1604.2919,631.0250,37.4655,543.1618,583.7436,119.9134,232.2451,276.5313,36.2056,,"CPU"
"yolo11s_320","ch0_20250511153904_20250511154404_f02640_jpg.rf.a47a398c69b0b006451dac1cd622f542.jpg",320,2,48,"302a-huong-phai-di-vong-chuong-ngai-vat-1",0.6723,450.1691,608.1755,484.6493,660.0866,37.5653,541.6531,582.3390,116.9405,235.9287,279.9922,36.2056,,"CPU"
"yolo11s_320","ch0_20250511161258_20250511161758_f01807_jpg.rf.338d12bdbeda47bf65b2aaa154ccdc54.jpg",320,1,23,"131a-cam-do-xe",0.8098,1669.9636,503.2831,1709.4038,556.9202,37.6591,543.4109,584.0488,117.9673,239.5068,283.6953,36.2056,,"CPU"
"yolo11s_320","ch0_20250511161758_20250511162258_f03029_jpg.rf.e60388f056fd6de3298bc7058207e5f0.jpg",320,1,23,"131a-cam-do-xe",0.9428,1504.4205,493.0565,1555.9977,553.4346,37.7584,542.5874,585.2969,125.5728,229.6357,274.1836,36.2056,,"CPU"
"yolo11s_320","ch0_20250511163258_20250511163758_f05772_jpg.rf.dc078d52f13ec83aeca168a74000650f.jpg",320,1,9,"124b-cam-oto-quay-dau-xe",0.5309,1223.4006,611.4031,1259.2908,648.3668,37.5974,542.1671,582.6966,118.5845,233.8154,278.0664,36.2056,,"CPU"
"yolo11s_320","ch0_20250511163759_20250511164259_f05863_jpg.rf.207a395b469f8a7123bcb8a55f7dbde0.jpg",320,1,3,"103c-cam-oto-re-trai",0.3720,587.3367,188.4948,687.7982,281.7108,37.5289,542.1228,582.6234,119.8010,237.5146,281.9609,36.2056,,"CPU"
"yolo11s_320","ch0_20250517125209_20250517125709_f01287_jpg.rf.125dce0ef81540ea0d3244f51213b4ca.jpg",320,2,6,"123a-cam-re-trai",0.9436,1426.9995,603.5102,1468.3411,650.7567,37.5243,543.4398,586.3771,125.8521,227.7139,272.4727,36.2056,,"CPU"
"yolo11s_320","ch0_20250517125709_20250517130209_f01937_jpg.rf.c6f1222828b588ac2d440b15e1af0634.jpg",320,1,27,"134-het-han-che-toc-do-toi-da",0.4284,1045.5004,643.3240,1080.5334,683.0056,37.7833,541.9548,582.6269,120.8302,231.6826,276.0508,36.2056,,"CPU"
"yolo11s_320","ch0_20250517125709_20250517130209_f01989_jpg.rf.b076ffddc9286b5a1fca351aaef1d7e9.jpg",320,0,-1,"",0.0000,0.0000,0.0000,0.0000,0.0000,37.4732,541.7479,582.0424,120.7787,235.5498,279.8711,36.2056,,"CPU"
"yolo11s_320","ch0_20250517162300_20250517162800_f05330_jpg.rf.004ce4e33d87f72d849ccc28afccd879.jpg",320,1,19,"127-toc-do-toi-da-80",0.5526,1356.8746,546.2115,1410.4634,601.2180,37.3165,546.8519,587.7375,118.9286,239.2725,283.5352,36.2056,,"CPU"
"yolo11s_320","ch0_20250517162801_20250517163301_f02184_jpg.rf.bf656ec4c0279059e2775f8a0b3306ac.jpg",320,2,11,"125-cam-vuot",0.5265,1633.4202,347.4677,1691.5833,425.3107,37.7029,549.2861,591.2471,126.6772,229.2764,274.1406,36.2056,,"CPU"
"yolo11s_320","ch0_20250517164301_20250517164801_f00507_jpg.rf.69bb4eae7f768bb5d9a88a35980330f1.jpg",320,2,22,"130-cam-dung-va-do-xe",0.9247,1564.2533,337.3570,1647.7531,443.3507,37.5217,542.2949,582.9133,119.2266,233.4834,277.7578,36.2056,,"CPU"
"yolo11s_320","ch0_20250517171302_20250517171802_f01924_jpg.rf.e561c9eba1571fc7c47d3793e83a9454.jpg",320,2,1,"103a-cam-oto",0.4865,1410.5846,676.0165,1434.6392,708.0629,37.4005,542.7089,583.0969,119.8752,237.1748,281.3945,36.2056,,"CPU"
"yolo11s_640","376_jpg.rf.4be45b6bd889aa6e8432f712997e88dd.jpg",640,2,5,"107-cam-oto-khach-va-oto-tai",0.8260,375.2985,277.3123,400.0811,295.5026,146.1366,2315.2514,2478.8285,121.7098,279.4902,324.0039,36.2777,,"CPU"
"yolo11s_640","4_mp4-0002_jpg.rf.378ddc9a1b8edabcf6883c5a72b0e80d.jpg",640,1,45,"301d-cac-xe-chi-duoc-re-phai-2",0.9241,387.8207,66.3190,531.0081,149.6019,145.5674,2325.6802,2483.9227,120.1723,293.9043,338.2227,36.2777,,"CPU"
"yolo11s_640","4_mp4-0065_jpg.rf.4a889c6bd7bfa8515b55bae6d21a9858.jpg",640,1,45,"301d-cac-xe-chi-duoc-re-phai-2",0.9299,468.0861,49.9287,618.0795,135.2549,150.4541,2316.1033,2480.4902,120.4999,287.4238,331.9023,36.2777,,"CPU"
"yolo11s_640","4_mp4-0079_jpg.rf.7bb0baec5c447fec393734ddc09eba72.jpg",640,1,45,"301d-cac-xe-chi-duoc-re-phai-2",0.9324,456.5706,58.0339,606.3361,143.1969,145.7343,2321.7286,2484.4936,120.7479,282.5918,327.2383,36.2777,,"CPU"
"yolo11s_640","517_jpg.rf.3365e9d3f7787c53d4f330c9317b2c3d.jpg",640,1,30,"137-cam-re-trai-va-re-phai",0.9175,363.1635,116.7413,393.4080,167.0279,146.2958,2312.8576,2477.1893,122.4360,277.3535,321.9883,36.2777,,"CPU"
"yolo11s_640","6432930985452_mp4-0006_jpg.rf.2a8f28c40fd6ecda3333caa0532c516f.jpg",640,2,33,"205-duong-giao-nhau",0.8599,319.8210,206.2043,397.4662,249.9149,145.6244,2318.9589,2478.0209,120.4989,291.6504,335.9961,36.2777,,"CPU"
"yolo11s_640","6432941026760_mp4-0002_jpg.rf.a3ad0991ac8035a20fec19321776f20e.jpg",640,1,39,"225-chu-y-tre-em",0.9735,88.9881,303.5710,137.8036,330.1732,145.6121,2324.3318,2484.9397,120.8472,284.9863,329.9297,36.2777,,"CPU"
"yolo11s_640","6432944636915_mp4-0028_jpg.rf.e2faf3f5559fde6bf98d92b08f8df413.jpg",640,3,29,"136-cam-di-thang",0.9016,136.9279,338.6704,170.0258,358.2504,146.0840,2323.6923,2486.2618,120.3405,280.2480,324.8125,36.2777,,"CPU"
"yolo11s_640","6438222152829_mp4-0073_jpg.rf.821d491f7ae20e69e29ea8667ad15bf4.jpg",640,1,18,"127-toc-do-toi-da-70",0.9431,317.8906,261.6943,366.7548,289.9500,145.6439,2319.3783,2480.2775,120.5102,294.6777,331.4609,36.2777,,"CPU"
"yolo11s_640","6438222152829_mp4-0115_jpg.rf.9ecc4398589661778243262d2d7b58a7.jpg",640,1,18,"127-toc-do-toi-da-70",0.9242,79.9775,306.0625,130.2417,333.7513,145.5282,2316.8106,2473.5220,121.2435,290.1855,334.4531,36.2777,,"CPU"
"yolo11s_640","7_jpg.rf.fc20b3103435b9baf0d1537e5b75d37e.jpg",640,3,30,"137-cam-re-trai-va-re-phai",0.9217,10.0171,375.0927,32.3813,408.0873,145.8635,2322.9127,2483.7828,119.9776,283.7520,328.5859,36.2777,,"CPU"
"yolo11s_640","812_jpg.rf.9042caec1c9cb13ffd30654e9ef12a6f.jpg",640,2,51,"407a-duong-mot-chieu",0.9035,481.1925,234.6743,500.3350,267.9060,145.8783,2317.0505,2480.8430,120.5226,278.8730,323.4570,36.2777,,"CPU"
"yolo11s_640","8_jpg.rf.2f29afa5c73f30e6db9c8febb349fdd5.jpg",640,3,30,"137-cam-re-trai-va-re-phai",0.9229,26.7525,207.2114,59.4550,262.0919,145.6739,2312.8031,2473.3549,120.3219,293.5723,337.9570,36.2777,,"CPU"
"yolo11s_640","946_jpg.rf.adbd2325400dbee2acc362c831534168.jpg",640,2,57,"442-cho",0.8946,407.7836,349.1760,430.1871,389.3494,145.7728,2322.8972,2483.5269,122.6876,286.4746,330.9648,36.2777,,"CPU"
"yolo11s_640","986_jpg.rf.fb6f79659a343c46b133dd894286529e.jpg",640,2,37,"221-duong-go-ghe",0.9283,590.4832,247.6864,621.3755,288.8391,150.0882,2321.5175,2487.9795,121.0605,282.0020,326.1914,36.2777,,"CPU"
"yolo11s_640","A-nh-ma-n-hi-nh-2025-03-23-lu-c-00_00_38_png.rf.33d0b8be20a15121992d6c781612db26.jpg",640,1,29,"136-cam-di-thang",0.9829,26.5971,118.4859,151.5901,300.4472,145.8357,2322.3557,2485.1495,119.9514,276.7363,321.4141,36.2777,,"CPU"
"yolo11s_640","Eddy2612-online-video-cutter_com-_mp4-0087_jpg.rf.a8b63de290830a8a569ab9b94e8c6b56.jpg",640,1,13,"127-toc-do-toi-da-20",0.9111,277.7571,127.6179,373.4480,186.3590,145.7744,2319.3706,2478.0462,119.7309,291.3496,335.5977,36.2777,,"CPU"
"yolo11s_640","Ghi-Ma-n-hi-nh-2025-03-23-lu-c-22_08_05_mov-0054_jpg.rf.8210917d1062e06e013d0cd56a0af732.jpg",640,1,49,"303-noi-giao-nhau-chay-theo-vong-xuyen",0.9197,194.5961,23.5411,454.3189,352.6918,145.9317,2323.8064,2483.9632,121.4182,284.9082,329.8320,36.2777,,"CPU"
"yolo11s_640","Ghi-Ma-n-hi-nh-2025-03-23-lu-c-22_25_28_mov-0039_jpg.rf.c3dffa99ceeb2ccfac3193655497d12e.jpg",640,1,36,"209-giao-nhau-co-tin-hieu-den",0.9098,131.1226,117.9989,224.6930,255.8974,145.8340,2313.9804,2476.3507,120.1354,279.7949,324.2500,36.2777,,"CPU"
"yolo11s_640","Ghi-Ma-n-hi-nh-2025-03-23-lu-c-22_25_28_mov-0146_jpg.rf.e35fdd91170a46c9280260785119000e.jpg",640,1,36,"209-giao-nhau-co-tin-hieu-den",0.9101,131.1129,117.9552,224.6733,255.8663,145.7268,2318.6360,2479.4204,119.5436,294.0215,338.5039,36.2777,,"CPU"
"yolo11s_640","Ghi-Ma-n-hi-nh-2025-04-02-lu-c-14_04_42_mov-0017_jpg.rf.b635a1968c52972696572e13f5cf98d6.jpg",640,2,44,"301c-cac-xe-chi-duoc-re-trai",0.9524,25.1042,45.5051,307.0394,617.2763,150.0966,2321.4061,2483.8248,121.2226,296.6895,341.1094,36.2777,,"CPU"
"yolo11s_640","Ghi-Ma-n-hi-nh-2025-04-02-lu-c-15_06_54_mov-0123_jpg.rf.197f8c0a1a3c6ef7eca2eb4bc9b02e42.jpg",640,1,52,"420-bat-dau-khu-dong-dan-cu",0.9082,91.8718,243.3181,382.1442,384.4750,145.9200,2326.2178,2488.1966,122.0955,282.7402,327.5313,36.2777,,"CPU"
"yolo11s_640","Ghi-Ma-n-hi-nh-2025-04-02-lu-c-15_06_54_mov-0169_jpg.rf.ffb7a1764cbb0e63ccaa9eea360f6403.jpg",640,1,52,"420-bat-dau-khu-dong-dan-cu",0.9088,91.8948,243.2851,382.1407,384.4758,145.8096,2315.1856,2475.5168,120.8226,277.6895,322.4844,36.2777,,"CPU"
"yolo11s_640","Ghi-Ma-n-hi-nh-2025-04-02-lu-c-15_38_46_mov-0128_jpg.rf.611046171b0f3d2701b8a6a449f93d27.jpg",640,1,53,"421-ket-thuc-khu-dong-dan-cu",0.9523,466.7014,198.1171,619.3357,339.0383,145.6389,2316.0566,2476.1127,118.2898,292.3242,336.7031,36.2777,,"CPU"
"yolo11s_640","IMG_0493_jpeg.rf.3ae39d1297e3e1de25b07f168e79bc36.jpg",640,1,25,"131c-cam-do-xe-ngay-chan",0.5037,710.5934,245.7147,882.6268,447.6796,153.6740,2346.3350,2512.5520,124.4944,297.5625,341.7227,36.2777,,"CPU"
"yolo11s_640","IMG_4007-MOV_out0082_png.rf.7bbdf7cb3b519eb3ae5d2c2185311585.jpg",640,4,0,"102-cam-di-nguoc-chieu",0.9518,39.9819,187.9155,78.6983,266.4111,145.9223,2326.8844,2490.5309,122.2622,281.0586,325.7656,36.2777,,"CPU"
"yolo11s_640","IMG_4024-MOV_out0253_png.rf.503a4c4d1be9d04bb29a2d681fd63cf8.jpg",640,4,17,"127-toc-do-toi-da-60",0.9059,509.1576,240.8668,532.8282,290.1432,146.1505,2321.5399,2483.5124,120.8760,276.1758,320.7852,36.2777,,"CPU"
"yolo11s_640","IMG_4028-MOV_out0011_png.rf.a99e3f8eb0f391dc63d04a13f66c7d92.jpg",640,3,17,"127-toc-do-toi-da-60",0.9268,368.3238,112.5753,421.7170,204.5886,146.0368,2320.9444,2479.9272,118.7531,290.8281,335.4063,36.2777,,"CPU"
"yolo11s_640","IMG_4032-MOV_out0046_png.rf.2ee7f103233cddca5730e99df4bb569a.jpg",640,4,40,"227-cong-truong",0.9702,242.9507,426.9842,309.6410,532.9280,145.5804,2326.0269,2488.9702,121.3345,284.1279,328.7266,36.2777,,"CPU"
"yolo11s_640","IMG_4041-MOV_out0020_png.rf.91d13da17f2f3d6f9c8ffdd204463ac2.jpg",640,1,31,"201-cho-ngoat-nguy-hiem",0.8153,140.2849,215.3599,219.7208,345.2070,145.6590,2327.0808,2486.9419,121.9562,278.8584,323.6641,36.2777,,"CPU"
"yolo11s_640","IMG_4047-MOV_out0012_png.rf.09ca70977f0bc67b6fa6c76255a2f296.jpg",640,4,6,"123a-cam-re-trai",0.9398,144.2601,332.0194,175.5791,382.2122,145.7176,2318.7254,2479.2343,119.2702,293.5811,338.2148,36.2777,,"CPU"
"yolo11s_640","IMG_4049-MOV_out0023_png.rf.176dec9b6c99c3073e95282376af54d4.jpg",640,6,16,"127-toc-do-toi-da-50",0.9195,273.5899,335.5240,287.4312,358.0514,150.0904,2317.5555,2482.3684,119.9244,287.0586,331.7969,36.2777,,"CPU"
"yolo11s_640","IMG_4051-MOV_out0049_png.rf.0cdced0af44df2b18e13adfddda976bb.jpg",640,1,41,"245-di-cham",0.9375,245.4203,156.0542,338.5898,291.2972,145.6257,2325.6648,2486.7612,121.2815,282.0156,327.1289,36.2777,,"CPU"
"yolo11s_640","IMG_4051-MOV_out0052_png.rf.c7fb9ae66a6356120ecff9f0903bb4a1.jpg",640,1,41,"245-di-cham",0.8848,323.2729,125.0297,404.8524,252.6452,145.7132,2322.1933,2483.0095,121.5039,277.3281,321.9844,36.2777,,"CPU"
"yolo11s_640","IMG_4052-MOV_out0095_png.rf.cd837ddfd7779c6029cf8843e67a522d.jpg",640,1,31,"201-cho-ngoat-nguy-hiem",0.8840,254.8997,257.6921,288.0904,305.7396,146.3567,2317.6219,2478.9867,119.4435,291.6055,336.0078,36.2777,,"CPU"
"yolo11s_640","IMG_4055-MOV_out0002_png.rf.94c5ef6aa29fbe4784d4de3f78f2b683.jpg",640,3,16,"127-toc-do-toi-da-50",0.8663,292.0905,142.5819,346.5800,254.1001,145.7284,2320.5102,2481.5736,120.1244,285.1484,329.5859,36.2777,,"CPU"
"yolo11s_640","IMG_4063-MOV_out0014_png.rf.f12c9a9d9bc1a12865d7f0d9c2699bd2.jpg",640,2,48,"302a-huong-phai-di-vong-chuong-ngai-vat-1",0.9122,244.8932,276.1796,414.1981,582.1683,146.0432,2321.2519,2483.3734,121.3663,280.0742,324.8867,36.2777,,"CPU"
"yolo11s_640","IMG_4068-MOV_out0014_png.rf.46899b0d6413e15a0ae59681905e76ea.jpg",640,1,23,"131a-cam-do-xe",0.8686,449.4382,407.0253,469.7808,440.4923,145.7914,2338.2860,2497.3843,118.4034,295.0850,339.3008,36.2777,,"CPU"
"yolo11s_640","IMG_4088-MOV_out0008_png.rf.d90b9e2562e7f2317a06cd60967c20b2.jpg",640,1,22,"130-cam-dung-va-do-xe",0.9390,134.9324,200.0082,218.8346,345.4459,156.2843,2316.5307,2487.9062,120.8642,287.4521,332.2734,36.2777,,"CPU"
"yolo11s_640","IMG_4090-MOV_out0026_png.rf.878b7d031dda48c5609c1198ec6054fa.jpg",640,3,22,"130-cam-dung-va-do-xe",0.9401,241.7454,260.0844,325.3972,403.9953,146.6107,2325.3679,2486.1959,120.3807,282.3818,327.0938,36.2777,,"CPU"
"yolo11s_640","IMG_4090-MOV_out0027_png.rf.88dba89fb23debf0a97ce44daab9bfb2.jpg",640,2,22,"130-cam-dung-va-do-xe",0.9424,235.7032,206.9335,325.0666,357.7091,146.0319,2318.5992,2479.9760,121.8949,277.3857,322.3633,36.2777,,"CPU"
"yolo11s_640","IMG_4092-MOV_out0022_png.rf.713fb9936736c64cf149876cc11b2222.jpg",640,1,10,"124c-cam-re-trai-va-cam-quay-dau-xe",0.9762,90.4160,262.0638,222.2478,511.9042,145.4512,2318.3909,2477.3861,119.9244,292.1826,336.7422,36.2777,,"CPU"
"yolo11s_640","IMG_4094-MOV_out0042_png.rf.87f31848eb608dff4b9db2d8af1394c0.jpg",640,1,23,"131a-cam-do-xe",0.8926,280.8921,159.9665,422.0403,404.8947,146.2092,2319.7760,2482.8552,120.4251,285.3076,330.2188,36.2777,,"CPU"
"yolo11s_640","IMG_4102-MOV_out0004_png.rf.a8ff3f3168fed99a978b85593b5ae2d7.jpg",640,1,23,"131a-cam-do-xe",0.9121,75.9039,206.6394,223.9749,466.8567,145.8213,2320.3491,2480.8678,120.7227,280.0537,324.9297,36.2777,,"CPU"
"yolo11s_640","IMG_4112-MOV_out0033_png.rf.e613a1f06ff12b7a34f8ec255aeacb89.jpg",640,5,17,"127-toc-do-toi-da-60",0.8937,271.7356,142.4205,313.0364,211.5038,145.9552,2324.1466,2482.8941,120.2222,294.8506,339.1016,36.2777,,"CPU"
"yolo11s_640","IMG_4122-MOV_out0005_png.rf.1f4d23954e1988995727f1a64e6cbbbc.jpg",640,1,23,"131a-cam-do-xe",0.9153,285.4026,207.0217,358.2677,338.2608,150.1953,2348.3953,2513.1817,121.2403,294.7139,339.6055,36.2777,,"CPU"
"yolo11s_640","IMG_4122-MOV_out0064_png.rf.af462c333d954aee4ca15a655354abe5.jpg",640,1,23,"131a-cam-do-xe",0.9137,70.5863,315.7876,152.0885,459.6813,145.8256,2321.9318,2484.5630,120.4632,283.2178,328.0352,36.2777,,"CPU"
"yolo11s_640","IMG_4139-MOV_out0005_png.rf.97b28cd0c0f71780403c4b84d24d8a4a.jpg",640,2,41,"245-di-cham",0.9225,297.9429,250.4911,342.4141,331.9877,145.7330,2316.2913,2476.4871,120.0482,278.3037,322.9063,36.2777,,"CPU"
"yolo11s_640","IMG_4146-MOV_out0029_png.rf.0daaf2020136bcd3f298eaf75ce59ef8.jpg",640,1,22,"130-cam-dung-va-do-xe",0.9254,103.5744,187.5349,134.7960,238.3765,145.5232,2320.3506,2478.7074,120.1428,292.9756,337.7188,36.2777,,"CPU"
"yolo11s_640","IMG_4153-MOV_out0027_png.rf.3b489fae87650e101d30d5c6a41cfc9f.jpg",640,5,16,"127-toc-do-toi-da-50",0.9299,444.0536,271.7822,495.7179,358.1421,146.5366,2321.0315,2482.7747,122.0402,286.1357,331.3125,36.2777,,"CPU"
"yolo11s_640","IMG_4156-MOV_out0004_png.rf.258de781248cb979aa7860533b259be6.jpg",640,1,8,"124a-cam-quay-dau-xe",0.8633,150.3459,268.3370,185.1857,326.3160,145.8095,2320.3477,2481.5293,120.8522,280.7959,325.7148,36.2777,,"CPU"
"yolo11s_640","IMG_4160-MOV_out0006_png.rf.d24a9a545520174ba55c97aecd39172b.jpg",640,2,23,"131a-cam-do-xe",0.9056,425.0034,358.1249,454.8703,406.2679,145.8670,2328.6945,2489.0620,121.0086,276.1982,320.6406,36.2777,,"CPU"
"yolo11s_640","IMG_4169-MOV_out0007_png.rf.2b7f1fe993d9f4ca54cf4c7d456f9a32.jpg",640,1,31,"201-cho-ngoat-nguy-hiem",0.7747,63.0568,50.6560,258.7502,379.7482,146.7127,2423.6624,2586.5747,117.3749,290.6191,335.4336,36.2777,,"CPU"
"yolo11s_640","IMG_4186-MOV_out0007_png.rf.1917a5c7b2cfe606bae80b1d817bf0f2.jpg",640,3,30,"137-cam-re-trai-va-re-phai",0.9610,182.2592,520.3861,225.6040,593.8422,148.0185,2407.4589,2570.3949,121.4203,284.1953,329.6055,36.2777,,"CPU"
"yolo11s_640","IMG_4200-MOV_out0029_png.rf.0fb9f2aa37e8780adb2e719bb0d542bf.jpg",640,1,36,"209-giao-nhau-co-tin-hieu-den",0.9202,0.0000,2.8880,392.8130,640.0000,146.0217,2353.2475,2513.7591,119.5810,278.1689,321.6367,36.2777,,"CPU"
"yolo11s_640","IMG_4215-MOV_out0030_png.rf.ee7ce2f58d7f466d4ac5f502e75f7226.jpg",640,1,33,"205-duong-giao-nhau",0.9142,373.4500,196.7290,427.7942,279.8449,146.7920,2330.5378,2491.2160,117.6931,292.5420,335.3516,36.2777,,"CPU"
"yolo11s_640","IMG_4215-MOV_out0062_png.rf.3674eafd2b4fdfccc3e09fc9b26e7975.jpg",640,2,0,"102-cam-di-nguoc-chieu",0.9820,351.1927,261.5515,428.8994,399.7798,150.3329,2318.9718,2483.2046,121.8984,291.5420,334.2773,36.2777,,"CPU"
"yolo11s_640","IMG_4218-MOV_out0006_png.rf.e57c98fe37e1ee748a41cbcc0fe9e60e.jpg",640,5,15,"127-toc-do-toi-da-40",0.9041,230.1358,426.0822,262.7135,476.3464,146.2874,2329.6197,2490.8915,122.2044,281.6982,324.3711,36.2777,,"CPU"
"yolo11s_640","MOV00728_mp4-0007_jpg.rf.9a2474f55178eaf5357d93dfbd910e22.jpg",640,1,53,"421-ket-thuc-khu-dong-dan-cu",0.9421,487.4296,52.9961,542.7899,145.7619,145.8452,2320.1397,2482.6080,121.0008,276.4639,319.2891,36.2777,,"CPU"
"yolo11s_640","MOV00732_mp4-0000_jpg.rf.b5cbb3eb96c921d963af9dcde7c08376.jpg",640,2,41,"245-di-cham",0.8920,430.3669,75.2819,450.4283,107.4219,145.7358,2318.7236,2478.7671,118.6472,291.1201,333.8320,36.2777,,"CPU"
"yolo11s_640","NO20250629-160524-000060F_f01836_jpg.rf.e7d99b92332fab1542b1491d4f57523a.jpg",640,3,22,"130-cam-dung-va-do-xe",0.8628,1626.6453,765.5758,1696.4469,833.5349,149.2649,2319.9374,2482.8180,120.5481,305.7451,348.5508,36.2777,,"CPU"
"yolo11s_640","NO20250710-170649-000005F_f03588_jpg.rf.fe490bfaf5cd21106fe7a2a7b795521f.jpg",640,3,54,"423a-duong-nguoi-di-bo-sang-ngang-1",0.9284,1996.4402,865.8650,2066.5073,942.9430,148.5256,2319.4866,2484.0185,122.4621,299.9873,342.9297,36.2777,,"CPU"
"yolo11s_640","NO20250712-170157-000088F_f00494_jpg.rf.c37edfad4641bfb747f5a2686ad5b113.jpg",640,3,20,"127-toc-do-toi-da-90",0.9319,1233.6724,866.1371,1273.5902,904.8652,148.7139,2323.7726,2488.6676,120.7868,295.3223,338.3242,36.2777,,"CPU"
"yolo11s_640","Tua-n-Khanh-1968-online-video-cutter_com-_mp4-0112_jpg.rf.8fce825012051f902d66d1dd19ef8bb7.jpg",640,1,14,"127-toc-do-toi-da-30",0.9310,282.2367,261.5107,329.7394,288.2748,146.0263,2322.1726,2480.8339,118.2662,292.4238,334.8203,36.2777,,"CPU"
"yolo11s_640","Tua-n-Khanh-1968-online-video-cutter_com-_mp4-0138_jpg.rf.e47a884fcd76e6cafb53643de1017bc6.jpg",640,1,14,"127-toc-do-toi-da-30",0.9216,325.2137,230.4857,385.4290,266.4553,146.0041,2319.6411,2478.4768,121.3237,281.9473,325.1094,36.2777,,"CPU"
"yolo11s_640","ch0_20250430101655_20250430101955_f00010_jpg.rf.4bc7057d8244b1093f3f7f474769dc97.jpg",640,0,-1,"",0.0000,0.0000,0.0000,0.0000,0.0000,147.9226,2321.8824,2484.9369,121.9737,285.2793,328.2109,36.2777,,"CPU"
"yolo11s_640","ch0_20250430101655_20250430101955_f01670_jpg.rf.d6ff095299d7c2bbf492f0669090f6a8.jpg",640,1,54,"423a-duong-nguoi-di-bo-sang-ngang-1",0.9067,1276.7992,663.9631,1320.7804,709.2647,147.7380,2325.1736,2489.1743,120.8022,280.5293,323.3008,36.2777,,"CPU"
"yolo11s_640","ch0_20250430104659_20250430104959_f03726_jpg.rf.a0cb74e29a4566d78f3a43b41dfe7bd4.jpg",640,0,-1,"",0.0000,0.0000,0.0000,0.0000,0.0000,147.6536,2316.6347,2477.5605,118.7452,295.2207,337.9297,36.2777,,"CPU"
"yolo11s_640","ch0_20250430104659_20250430104959_f03780_jpg.rf.65565d95b7a5537f767c535dc4e16cd0.jpg",640,2,54,"423a-duong-nguoi-di-bo-sang-ngang-1",0.9044,1325.5283,667.1906,1372.7175,717.6445,147.6438,2316.9581,2479.7086,122.1502,288.6387,331.1445,36.2777,,"CPU"
"yolo11s_640","ch0_20250430105000_20250430105300_f02826_jpg.rf.e2062c1fcdd3217b28a116cee3c45d2e.jpg",640,0,-1,"",0.0000,0.0000,0.0000,0.0000,0.0000,147.6243,2325.4425,2488.1008,121.3367,283.4512,326.4297,36.2777,,"CPU"
"yolo11s_640","ch0_20250430105300_20250430105600_f00252_jpg.rf.4f294a6511559e83c093a8303e3b864e.jpg",640,2,0,"102-cam-di-nguoc-chieu",0.5617,841.6990,700.7992,860.0726,720.6855,147.4615,2312.7460,2473.0610,118.7997,298.3887,341.1758,36.2777,,"CPU"
"yolo11s_640","ch0_20250430105300_20250430105600_f01818_jpg.rf.cf5f087c0b376cff623398bedca0f505.jpg",640,2,22,"130-cam-dung-va-do-xe",0.8613,1381.8795,611.8362,1423.6854,659.2332,152.3518,2315.4733,2482.2664,120.1718,291.7715,334.7500,36.2777,,"CPU"
"yolo11s_640","ch0_20250504150317_20250504150617_f01420_jpg.rf.e71c01097d00aafd575a2d1fa70714c9.jpg",640,1,0,"102-cam-di-nguoc-chieu",0.5221,893.8354,666.6034,913.2841,685.6870,148.1467,2324.0069,2488.1642,121.9362,287.0684,330.0391,36.2777,,"CPU"
"yolo11s_640","ch0_20250504150617_20250504150917_f03930_jpg.rf.68f5c2124f1b4f9e99953613121153c1.jpg",640,3,9,"124b-cam-oto-quay-dau-xe",0.7723,1152.2062,660.8028,1192.4911,700.0923,147.7005,2323.2063,2486.4035,120.6955,282.2598,324.8047,36.2777,,"CPU"
"yolo11s_640","ch0_20250504150917_20250504151217_f01340_jpg.rf.77fa98ad4dd622017e43de43df162dd2.jpg",640,2,48,"302a-huong-phai-di-vong-chuong-ngai-vat-1",0.9287,526.4828,455.1483,645.1436,570.7140,147.8881,2323.2105,2483.1837,119.1208,296.7480,339.3047,36.2777,,"CPU"
"yolo11s_640","ch0_20250504150917_20250504151217_f03740_jpg.rf.d23464a0849d09491280af611f02aadb.jpg",640,2,54,"423a-duong-nguoi-di-bo-sang-ngang-1",0.8028,1666.8036,604.8045,1729.3751,695.3736,147.6490,2322.7732,2485.8194,120.4826,290.0967,332.7734,36.2777,,"CPU"
"yolo11s_640","ch0_20250504151217_20250504151517_f00100_jpg.rf.e3c5eab93106bc5a40bd66dd23b80c50.jpg",640,2,48,"302a-huong-phai-di-vong-chuong-ngai-vat-1",0.9387,284.3291,349.6822,382.5785,476.0861,147.4088,2317.8163,2479.4909,122.1614,285.2412,328.1914,36.2777,,"CPU"
"yolo11s_640","ch0_20250504151217_20250504151517_f03230_jpg.rf.158925432bebc859c1d9f0759e35dcd1.jpg",640,2,48,"302a-huong-phai-di-vong-chuong-ngai-vat-1",0.9445,623.4372,445.4135,729.8533,554.0992,147.5169,2325.1120,2485.9752,122.4462,280.1943,323.1719,36.2777,,"CPU"
"yolo11s_640","ch0_20250504151217_20250504151517_f04150_jpg.rf.b5dbe1e170bf594d4a67270e3afb7c43.jpg",640,2,48,"302a-huong-phai-di-vong-chuong-ngai-vat-1",0.9036,1825.1647,618.5922,1849.8326,648.0059,147.4056,2315.4233,2477.3489,118.5940,295.0498,337.8008,36.2777,,"CPU"
"yolo11s_640","ch0_20250504151517_20250504151817_f02950_jpg.rf.f9fb161c48ac277e3c4377828c449261.jpg",640,0,-1,"",0.0000,0.0000,0.0000,0.0000,0.0000,148.1580,2317.1240,2478.0163,120.2970,290.2568,333.1953,36.2777,,"CPU"
"yolo11s_640","ch0_20250504151817_20250504152117_f00860_jpg.rf.aed04b9771fccada2de65166143e3eb3.jpg",640,2,0,"102-cam-di-nguoc-chieu",0.8924,805.8631,651.3657,839.3036,683.6306,147.5178,2316.9623,2479.8333,122.5476,285.5693,328.3438,36.2777,,"CPU"
"yolo11s_640","ch0_20250504151817_20250504152117_f03560_jpg.rf.fdb8dfbec5d0bef191ce8293ab736fc9.jpg",640,5,12,"127-toc-do-toi-da-100",0.9629,731.3612,240.7506,838.5676,339.1292,147.7359,2323.4178,2490.1698,121.5968,280.7529,323.4922,36.2777,,"CPU"
"yolo11s_640","ch0_20250504154520_20250504154820_f02180_jpg.rf.33f076286bb1639912441813a8e67f2d.jpg",640,1,19,"127-toc-do-toi-da-80",0.8869,1303.6527,578.0717,1396.0386,676.9047,147.7114,2317.1143,2478.9126,119.0436,295.6670,338.3438,36.2777,,"CPU"
"yolo11s_640","ch0_20250504154520_20250504154820_f02830_jpg.rf.4ce52082b9c10ae58656589d07172f7d.jpg",640,1,56,"438-ket-thuc-duong-cao-toc",0.7278,1308.4406,107.6651,1371.5713,171.9808,147.6904,2326.1088,2487.0765,120.0598,288.9248,331.5156,36.2777,,"CPU"
"yolo11s_640","ch0_20250504163332_20250504163632_f02200_jpg.rf.d8084ac703bc068a0dda1e098fcc769e.jpg",640,7,48,"302a-huong-phai-di-vong-chuong-ngai-vat-1",0.9547,562.2034,477.5592,653.5291,565.3597,147.5080,2318.9886,2482.8863,121.3901,283.6826,326.7070,36.2777,,"CPU"
"yolo11s_640","ch0_20250504163332_20250504163632_f04020_jpg.rf.5fea7fffc3a908d01593f97b003a8404.jpg",640,1,49,"303-noi-giao-nhau-chay-theo-vong-xuyen",0.5936,1192.9868,732.4638,1215.3792,758.1506,147.5652,2314.5430,2475.6390,120.1302,298.3936,340.9805,36.2777,,"CPU"
"yolo11s_640","ch0_20250511151404_20250511151904_f02595_jpg.rf.d921c03cdea5fbba215a16bdfda74a5f.jpg",640,1,42,"301a-cac-xe-chi-duoc-di-thang",0.9577,1440.1367,248.9946,1560.8896,382.4981,148.0461,2323.4527,2486.3509,120.5371,291.5146,334.4219,36.2777,,"CPU"
"yolo11s_640","ch0_20250511152904_20250511153404_f01350_jpg.rf.095a607564ebd68f6172d7114a549455.jpg",640,2,2,"103b-cam-oto-re-phai",0.9656,1545.4944,554.1262,1603.9200,627.7244,147.7143,2316.9369,2480.6083,119.7681,286.4131,329.2695,36.2777,,"CPU"
"yolo11s_640","ch0_20250511153904_20250511154404_f02640_jpg.rf.a47a398c69b0b006451dac1cd622f542.jpg",640,3,0,"102-cam-di-nguoc-chieu",0.8788,451.9075,557.1888,484.6566,607.2217,147.8038,2317.7085,2480.6944,121.3358,281.4951,324.7031,36.2777,,"CPU"
"yolo11s_640","ch0_20250511161258_20250511161758_f01807_jpg.rf.338d12bdbeda47bf65b2aaa154ccdc54.jpg",640,1,23,"131a-cam-do-xe",0.9227,1669.6212,500.8953,1706.9396,556.3037,147.6465,2327.3497,2487.9698,119.7347,296.5693,338.9688,36.2777,,"CPU"
"yolo11s_640","ch0_20250511161758_20250511162258_f03029_jpg.rf.e60388f056fd6de3298bc7058207e5f0.jpg",640,1,23,"131a-cam-do-xe",0.9053,1503.8728,493.4156,1556.0908,555.6747,147.4313,2321.5321,2482.3124,120.4515,289.6631,332.4961,36.2777,,"CPU"
"yolo11s_640","ch0_20250511163258_20250511163758_f05772_jpg.rf.dc078d52f13ec83aeca168a74000650f.jpg",640,1,9,"124b-cam-oto-quay-dau-xe",0.8252,1224.5654,621.3210,1260.7542,657.2422,147.4459,2325.4351,2489.5740,119.9792,284.6240,327.3516,36.2777,,"CPU"
"yolo11s_640","ch0_20250511163759_20250511164259_f05863_jpg.rf.207a395b469f8a7123bcb8a55f7dbde0.jpg",640,2,6,"123a-cam-re-trai",0.8715,587.9388,187.4532,685.2564,280.9570,147.4351,2315.7981,2475.1637,119.9916,299.6318,338.9531,36.2777,,"CPU"
"yolo11s_640","ch0_20250517125209_20250517125709_f01287_jpg.rf.125dce0ef81540ea0d3244f51213b4ca.jpg",640,1,6,"123a-cam-re-trai",0.9232,1427.3607,605.4988,1469.7173,652.2794,147.5838,2323.5108,2484.6773,119.4517,295.0654,337.7656,36.2777,,"CPU"
"yolo11s_640","ch0_20250517125709_20250517130209_f01937_jpg.rf.c6f1222828b588ac2d440b15e1af0634.jpg",640,1,27,"134-het-han-che-toc-do-toi-da",0.7044,1077.2334,691.2342,1110.8776,725.1422,147.7514,2323.5559,2483.3538,120.4009,288.3623,331.2305,36.2777,,"CPU"
"yolo11s_640","ch0_20250517125709_20250517130209_f01989_jpg.rf.b076ffddc9286b5a1fca351aaef1d7e9.jpg",640,1,27,"134-het-han-che-toc-do-toi-da",0.9750,1352.4012,502.0159,1442.1980,599.0746,147.8433,2318.1016,2483.7255,119.6580,283.8574,326.7148,36.2777,,"CPU"
"yolo11s_640","ch0_20250517162300_20250517162800_f05330_jpg.rf.004ce4e33d87f72d849ccc28afccd879.jpg",640,1,17,"127-toc-do-toi-da-60",0.8086,1358.8657,545.2456,1409.0607,601.4989,147.8194,2318.8776,2480.1132,120.2763,298.7217,341.3125,36.2777,,"CPU"
"yolo11s_640","ch0_20250517162801_20250517163301_f02184_jpg.rf.bf656ec4c0279059e2775f8a0b3306ac.jpg",640,2,21,"128-cam-su-dung-coi",0.8142,1635.6410,350.5647,1690.5646,425.0952,151.8464,2317.4412,2482.5371,121.4071,292.0576,334.6875,36.2777,,"CPU"
"yolo11s_640","ch0_20250517164301_20250517164801_f00507_jpg.rf.69bb4eae7f768bb5d9a88a35980330f1.jpg",640,2,22,"130-cam-dung-va-do-xe",0.9132,1563.2589,340.1597,1643.8004,443.3334,147.5626,2323.9880,2488.8994,120.5745,287.1904,329.9922,36.2777,,"CPU"
"yolo11s_640","ch0_20250517171302_20250517171802_f01924_jpg.rf.e561c9eba1571fc7c47d3793e83a9454.jpg",640,1,1,"103a-cam-oto",0.8264,1410.2480,674.0572,1437.4427,701.9079,147.6906,2319.3218,2484.5085,119.7811,282.2842,325.3984,36.2777,,"CPU"
