manufacturer,device_model,android_version,sdk_int,hardware,cpu_cores,model,input_size,images,detection_rate_percent,mean_conf_detected_only,mean_conf_all,preprocess_mean_ms,inference_mean_ms,inference_median_ms,inference_p95_ms,total_mean_ms,total_median_ms,total_p95_ms,estimated_fps,cpu_mean_percent,cpu_median_percent,cpu_p95_percent,pss_mean_mb,pss_peak_mb,rss_mean_mb,rss_peak_mb,model_size_mb,gpu_usage_percent,delegate
"samsung","SM-A336E","14",34,"s5e8825",8,"yolo11n_640",640,100,93.0000,0.8936,0.8311,89.3554,351.7679,349.7086,363.6776,445.2760,443.1272,456.9739,2.2567,106.0810,105.6088,108.1798,235.0916,267.7969,268.1281,301.1250,10.1784,,"CPU-1T"
"samsung","SM-A336E","14",34,"s5e8825",8,"yolo11n_640",640,100,93.0000,0.8936,0.8311,89.3639,350.4349,348.7796,360.6169,443.8939,442.2817,455.0467,2.2610,105.8439,105.5556,106.4725,234.6321,267.4316,266.8933,299.7109,10.1784,,"CPU-4T"
"samsung","SM-A336E","14",34,"s5e8825",8,"yolo11n_640",640,100,93.0000,0.8938,0.8312,89.6539,103.0348,102.7005,107.9941,196.7043,196.1579,202.7933,5.0979,60.1393,59.6447,61.1771,248.5548,281.5967,282.2300,315.1953,10.1784,,"GPU"
"samsung","SM-A336E","14",34,"s5e8825",8,"yolo11n_640",640,100,93.0000,0.8936,0.8311,89.2843,349.6085,348.6322,356.4428,442.9836,441.9064,452.3218,2.2629,105.7241,105.4508,106.5351,251.5252,285.4434,284.4855,318.1680,10.1784,,"NNAPI"
"samsung","SM-A336E","14",34,"s5e8825",8,"yolo11n_640_fp16",640,100,93.0000,0.8939,0.8313,88.2556,355.1260,353.9197,366.5026,447.4661,445.5406,458.5050,2.2445,105.8154,105.5404,106.8228,249.6220,283.5361,282.0304,315.8359,5.1396,,"CPU-1T"
"samsung","SM-A336E","14",34,"s5e8825",8,"yolo11n_640_fp16",640,100,93.0000,0.8939,0.8313,88.0456,354.1799,353.1299,364.1890,446.2916,444.9712,457.5152,2.2473,105.8276,105.5438,106.8787,249.1790,281.8896,281.2865,313.9805,5.1396,,"CPU-4T"
"samsung","SM-A336E","14",34,"s5e8825",8,"yolo11n_640_fp16",640,100,93.0000,0.8937,0.8311,88.0680,103.5668,103.4420,110.2301,195.5802,195.3925,202.0159,5.1179,59.7711,59.3488,61.2489,252.0713,284.2949,286.0202,318.0039,5.1396,,"GPU"
"samsung","SM-A336E","14",34,"s5e8825",8,"yolo11n_640_fp16",640,100,93.0000,0.8939,0.8313,87.8101,351.8282,351.0571,360.2671,443.6683,442.7689,452.1251,2.2585,105.6598,105.3620,106.3795,252.7250,286.0547,285.7453,319.2500,5.1396,,"NNAPI"
"samsung","SM-A336E","14",34,"s5e8825",8,"yolo11n_640_int8",640,100,93.0000,0.8989,0.8359,88.0936,222.1455,220.7485,230.5462,314.3497,312.7851,325.3633,3.1971,106.0260,105.4911,107.7952,241.2094,273.9688,274.4296,307.2461,2.8611,,"CPU-1T"
"samsung","SM-A336E","14",34,"s5e8825",8,"yolo11n_640_int8",640,100,93.0000,0.8989,0.8359,88.1309,224.1100,223.2566,232.9383,316.3924,315.3662,326.1558,3.1709,106.1750,105.6758,107.5360,241.3608,274.0918,274.6318,307.3125,2.8611,,"CPU-4T"
"samsung","SM-A336E","14",34,"s5e8825",8,"yolo11n_640_int8",640,100,93.0000,0.8988,0.8359,88.0763,263.8980,263.7215,271.5170,356.1528,355.7892,364.7414,2.8107,95.8055,95.5651,96.9798,256.3122,291.0430,288.9797,323.7461,2.8611,,"NNAPI"
"samsung","SM-A336E","14",34,"s5e8825",8,"yolo11s_640",640,100,96.0000,0.8900,0.8544,155.5772,1792.7666,1077.8167,3429.2605,1956.2512,1170.9008,3758.7024,0.8540,103.6573,105.4339,106.1260,323.1266,356.1406,361.6270,395.9922,36.2777,,"CPU-1T"
"samsung","SM-A336E","14",34,"s5e8825",8,"yolo11s_640",640,100,96.0000,0.8900,0.8544,101.9344,1228.4973,1089.9797,2088.7233,1335.3377,1183.9724,2386.4415,0.8446,105.6789,105.5826,108.9503,317.1567,351.6270,329.3048,359.3945,36.2777,,"CPU-4T"
"samsung","SM-A336E","14",34,"s5e8825",8,"yolo11s_640",640,100,96.0000,0.8895,0.8540,89.5558,236.3349,236.5248,241.7428,329.7741,329.7810,335.3316,3.0323,39.0886,38.9035,39.7601,314.0372,346.0645,325.5911,357.5781,36.2777,,"GPU"
"samsung","SM-A336E","14",34,"s5e8825",8,"yolo11s_640",640,100,96.0000,0.8900,0.8544,89.2973,1088.8058,1084.3213,1111.3541,1182.3493,1178.0837,1205.7238,0.8488,105.6822,105.4690,106.5457,313.6862,346.4805,323.2976,355.1875,36.2777,,"NNAPI"
"samsung","SM-A336E","14",34,"s5e8825",8,"yolo11s_640_fp16",640,100,96.0000,0.8899,0.8543,90.2094,1117.1691,1090.6640,1238.6852,1211.7371,1183.1249,1343.9471,0.8452,105.9788,105.5390,106.7689,301.6793,335.0635,310.0600,342.9297,18.1926,,"CPU-1T"
"samsung","SM-A336E","14",34,"s5e8825",8,"yolo11s_640_fp16",640,100,96.0000,0.8899,0.8543,99.1372,1220.0342,1202.1261,1284.6021,1323.8588,1306.1458,1387.7406,0.7656,105.9557,105.8522,107.5755,302.5716,334.1230,310.1635,340.2813,18.1926,,"CPU-4T"
"samsung","SM-A336E","14",34,"s5e8825",8,"yolo11s_640_fp16",640,100,96.0000,0.8894,0.8538,224.9995,237.4374,190.8872,322.2068,475.5698,502.4120,521.1659,1.9904,56.4724,67.8749,69.1411,289.4622,327.4609,305.2464,338.2500,18.1926,,"GPU"
"samsung","SM-A336E","14",34,"s5e8825",8,"yolo11s_640_fp16",640,100,96.0000,0.8899,0.8543,273.8513,1959.6297,1179.4066,3531.0756,2241.8522,1271.7153,3850.3831,0.7863,104.2218,105.4064,118.6013,295.8734,336.8486,305.2611,341.3320,18.1926,,"NNAPI"
"samsung","SM-A336E","14",34,"s5e8825",8,"yolo11s_640_int8",640,100,96.0000,0.8878,0.8523,87.7746,532.3717,529.3353,576.2572,624.5321,621.6947,668.1556,1.6085,107.8376,105.9287,115.1053,285.8111,321.1104,286.4106,321.7031,9.4884,,"CPU-1T"
"samsung","SM-A336E","14",34,"s5e8825",8,"yolo11s_640_int8",640,100,96.0000,0.8878,0.8523,88.1900,533.9229,534.0010,543.1052,626.5278,626.7410,636.8393,1.5956,106.8147,106.6151,107.9517,284.2936,318.7881,284.8220,318.9648,9.4884,,"CPU-4T"
"samsung","SM-A336E","14",34,"s5e8825",8,"yolo11s_640_int8",640,100,96.0000,0.8878,0.8523,89.7740,603.8217,594.3068,685.2403,698.1059,686.0988,790.2107,1.4575,97.4849,97.4045,98.5935,309.4537,344.0303,310.5648,344.7539,9.4884,,"NNAPI"
